id,year,state_name,state_code,district_name,district_code,crop_name,crop_code,crop_type,season,area,area_unit,production,production_unit,yield,yield_unit
1963,1997-1998,Bihar,10,Purnia,214,Arhar/Tur,202.0,Pulses,Kharif,324.0,Hectare,420.0,Tonnes,1.296,Tonnes/Hectare
1964,1997-1998,Bihar,10,Purnia,214,Bajra,103.0,Cereals,Kharif,4.0,Hectare,2.0,Tonnes,0.5,Tonnes/Hectare
1965,1997-1998,Bihar,10,Purnia,214,Banana,606.0,Fruits,Whole Year,1683.0,Hectare,37363.0,Tonnes,22.2,Tonnes/Hectare
1966,1997-1998,Bihar,10,Purnia,214,Barley,107.0,Cereals,Rabi,55.0,Hectare,57.0,Tonnes,1.036,Tonnes/Hectare
1967,1997-1998,Bihar,10,Purnia,214,Coriander,509.0,Spices,Whole Year,81.0,Hectare,40.0,Tonnes,0.494,Tonnes/Hectare
1968,1997-1998,Bihar,10,Purnia,214,Dry Chillies,502.0,Spices,Whole Year,124.0,Hectare,118.0,Tonnes,0.952,Tonnes/Hectare
1969,1997-1998,Bihar,10,Purnia,214,Garlic,508.0,Spices,Whole Year,135.0,Hectare,180.0,Tonnes,1.333,Tonnes/Hectare
1970,1997-1998,Bihar,10,Purnia,214,Ginger,503.0,Spices,Kharif,21.0,Hectare,30.0,Tonnes,1.429,Tonnes/Hectare
1971,1997-1998,Bihar,10,Purnia,214,Gram,201.0,Pulses,Rabi,232.0,Hectare,92.0,Tonnes,0.397,Tonnes/Hectare
1972,1997-1998,Bihar,10,Purnia,214,Jute,1102.0,Fiber Crops,Kharif,26517.0,Hectare,250438.0,Tonnes,9.444,Tonnes/Hectare
1973,1997-1998,Bihar,10,Purnia,214,Linseed,1005.0,Oilseeds,Rabi,1252.0,Hectare,702.0,Tonnes,0.561,Tonnes/Hectare
1974,1997-1998,Bihar,10,Purnia,214,Maize,104.0,Cereals,Kharif,6900.0,Hectare,11375.0,Tonnes,1.649,Tonnes/Hectare
1975,1997-1998,Bihar,10,Purnia,214,Maize,104.0,Cereals,Rabi,8231.0,Hectare,22635.0,Tonnes,2.75,Tonnes/Hectare
1976,1997-1998,Bihar,10,Purnia,214,Maize,104.0,Cereals,Summer,15110.0,Hectare,37952.0,Tonnes,2.512,Tonnes/Hectare
1977,1997-1998,Bihar,10,Purnia,214,Maize,104.0,Cereals,Total,30241.0,Hectare,71962.0,Tonnes,2.38,Tonnes/Hectare
1978,1997-1998,Bihar,10,Purnia,214,Mesta,1103.0,Fiber Crops,Kharif,2465.0,Hectare,22555.0,Tonnes,9.15,Tonnes/Hectare
1979,1997-1998,Bihar,10,Purnia,214,Onion,708.0,Vegetable,Whole Year,438.0,Hectare,2497.0,Tonnes,5.701,Tonnes/Hectare
1980,1997-1998,Bihar,10,Purnia,214,Other Kharif Pulses,288.0,Pulses,Kharif,361.0,Hectare,202.0,Tonnes,0.56,Tonnes/Hectare
1981,1997-1998,Bihar,10,Purnia,214,Other Rabi Pulses,288.0,Pulses,Rabi,155.0,Hectare,93.0,Tonnes,0.6,Tonnes/Hectare
1982,1997-1998,Bihar,10,Purnia,214,Potato,701.0,Vegetable,Whole Year,7916.0,Hectare,55431.0,Tonnes,7.002,Tonnes/Hectare
1983,1997-1998,Bihar,10,Purnia,214,Ragi,105.0,Cereals,Whole Year,112.0,Hectare,97.0,Tonnes,0.866,Tonnes/Hectare
1984,1997-1998,Bihar,10,Purnia,214,Rapeseed &Mustard,1004.0,Oilseeds,Rabi,4476.0,Hectare,2927.0,Tonnes,0.654,Tonnes/Hectare
1985,1997-1998,Bihar,10,Purnia,214,Rice,101.0,Cereals,Autumn,19065.0,Hectare,23419.0,Tonnes,1.228,Tonnes/Hectare
1986,1997-1998,Bihar,10,Purnia,214,Rice,101.0,Cereals,Summer,18502.0,Hectare,40311.0,Tonnes,2.179,Tonnes/Hectare
1987,1997-1998,Bihar,10,Purnia,214,Rice,101.0,Cereals,Total,129577.0,Hectare,163678.0,Tonnes,1.263,Tonnes/Hectare
1988,1997-1998,Bihar,10,Purnia,214,Rice,101.0,Cereals,Winter,92010.0,Hectare,99948.0,Tonnes,1.086,Tonnes/Hectare
1989,1997-1998,Bihar,10,Purnia,214,Safflower,1008.0,Oilseeds,Rabi,6.0,Hectare,4.0,Tonnes,0.667,Tonnes/Hectare
1990,1997-1998,Bihar,10,Purnia,214,Sannhamp,1104.0,Fiber Crops,Whole Year,39.0,Hectare,15.0,Tonnes,0.385,Tonnes/Hectare
1991,1997-1998,Bihar,10,Purnia,214,Sesamum,1003.0,Oilseeds,Kharif,46.0,Hectare,21.0,Tonnes,0.457,Tonnes/Hectare
1992,1997-1998,Bihar,10,Purnia,214,Sugarcane,401.0,Sugar,Whole Year,473.0,Hectare,21720.0,Tonnes,45.92,Tonnes/Hectare
1993,1997-1998,Bihar,10,Purnia,214,Sunflower,1007.0,Oilseeds,Rabi,2165.0,Hectare,1091.0,Tonnes,0.504,Tonnes/Hectare
1994,1997-1998,Bihar,10,Purnia,214,Sweet Potato,703.0,Vegetable,Whole Year,204.0,Hectare,2016.0,Tonnes,9.882,Tonnes/Hectare
1995,1997-1998,Bihar,10,Purnia,214,Tobacco,1302.0,Drugs And Narcotics,Rabi,151.0,Hectare,108.0,Tonnes,0.715,Tonnes/Hectare
1996,1997-1998,Bihar,10,Purnia,214,Turmeric,504.0,Spices,Whole Year,162.0,Hectare,324.0,Tonnes,2.0,Tonnes/Hectare
1997,1997-1998,Bihar,10,Purnia,214,Wheat,106.0,Cereals,Rabi,57876.0,Hectare,101786.0,Tonnes,1.759,Tonnes/Hectare
2893,1997-1998,Haryana,6,Gurugram,62,Bajra,103.0,Cereals,Kharif,52000.0,Hectare,58000.0,Tonnes,1.115,Tonnes/Hectare
2894,1997-1998,Haryana,6,Gurugram,62,Barley,107.0,Cereals,Rabi,4000.0,Hectare,13000.0,Tonnes,3.25,Tonnes/Hectare
2895,1997-1998,Haryana,6,Gurugram,62,Gram,201.0,Pulses,Rabi,8000.0,Hectare,8000.0,Tonnes,1.0,Tonnes/Hectare
2896,1997-1998,Haryana,6,Gurugram,62,Jowar,102.0,Cereals,Kharif,19000.0,Hectare,5000.0,Tonnes,0.263,Tonnes/Hectare
2897,1997-1998,Haryana,6,Gurugram,62,Other Kharif Pulses,288.0,Pulses,Kharif,4400.0,Hectare,2200.0,Tonnes,0.5,Tonnes/Hectare
2898,1997-1998,Haryana,6,Gurugram,62,Other Rabi Pulses,288.0,Pulses,Rabi,2000.0,Hectare,1000.0,Tonnes,0.5,Tonnes/Hectare
2899,1997-1998,Haryana,6,Gurugram,62,Rice,101.0,Cereals,Kharif,7000.0,Hectare,20000.0,Tonnes,2.857,Tonnes/Hectare
2900,1997-1998,Haryana,6,Gurugram,62,Sugarcane,401.0,Sugar,Whole Year,1000.0,Hectare,50000.0,Tonnes,50.0,Tonnes/Hectare
2901,1997-1998,Haryana,6,Gurugram,62,Wheat,106.0,Cereals,Rabi,120000.0,Hectare,428000.0,Tonnes,3.567,Tonnes/Hectare
9667,1997-1998,Uttar Pradesh,9,Varanasi,187,Arhar/Tur,202.0,Pulses,Kharif,6379.0,Hectare,7306.0,Tonnes,1.145,Tonnes/Hectare
9668,1997-1998,Uttar Pradesh,9,Varanasi,187,Bajra,103.0,Cereals,Kharif,5355.0,Hectare,5685.0,Tonnes,1.062,Tonnes/Hectare
9669,1997-1998,Uttar Pradesh,9,Varanasi,187,Barley,107.0,Cereals,Rabi,133.0,Hectare,162.0,Tonnes,1.218,Tonnes/Hectare
9670,1997-1998,Uttar Pradesh,9,Varanasi,187,Gram,201.0,Pulses,Rabi,2630.0,Hectare,2515.0,Tonnes,0.956,Tonnes/Hectare
9671,1997-1998,Uttar Pradesh,9,Varanasi,187,Groundnut,1001.0,Oilseeds,Kharif,2.0,Hectare,2.0,Tonnes,1.0,Tonnes/Hectare
9672,1997-1998,Uttar Pradesh,9,Varanasi,187,Jowar,102.0,Cereals,Kharif,3118.0,Hectare,3024.0,Tonnes,0.97,Tonnes/Hectare
9673,1997-1998,Uttar Pradesh,9,Varanasi,187,Maize,104.0,Cereals,Kharif,6123.0,Hectare,8628.0,Tonnes,1.409,Tonnes/Hectare
9674,1997-1998,Uttar Pradesh,9,Varanasi,187,Maize,104.0,Cereals,Summer,9.0,Hectare,14.0,Tonnes,1.556,Tonnes/Hectare
9675,1997-1998,Uttar Pradesh,9,Varanasi,187,Maize,104.0,Cereals,Total,6132.0,Hectare,8642.0,Tonnes,1.409,Tonnes/Hectare
9676,1997-1998,Uttar Pradesh,9,Varanasi,187,Masoor,205.0,Pulses,Rabi,479.0,Hectare,280.0,Tonnes,0.585,Tonnes/Hectare
9677,1997-1998,Uttar Pradesh,9,Varanasi,187,Moong(Green Gram),204.0,Pulses,Kharif,550.0,Hectare,184.0,Tonnes,0.335,Tonnes/Hectare
9678,1997-1998,Uttar Pradesh,9,Varanasi,187,Moong(Green Gram),204.0,Pulses,Summer,12.0,Hectare,6.0,Tonnes,0.5,Tonnes/Hectare
9679,1997-1998,Uttar Pradesh,9,Varanasi,187,Moong(Green Gram),204.0,Pulses,Total,562.0,Hectare,190.0,Tonnes,0.338,Tonnes/Hectare
9680,1997-1998,Uttar Pradesh,9,Varanasi,187,Moth,209.0,Pulses,Kharif,892.0,Hectare,711.0,Tonnes,0.797,Tonnes/Hectare
9681,1997-1998,Uttar Pradesh,9,Varanasi,187,Onion,708.0,Vegetable,Kharif,556.0,Hectare,5497.0,Tonnes,9.887,Tonnes/Hectare
9682,1997-1998,Uttar Pradesh,9,Varanasi,187,Peas & Beans (Pulses),213.0,Pulses,Rabi,2747.0,Hectare,3195.0,Tonnes,1.163,Tonnes/Hectare
9683,1997-1998,Uttar Pradesh,9,Varanasi,187,Potato,701.0,Vegetable,Whole Year,4401.0,Hectare,72254.0,Tonnes,16.418,Tonnes/Hectare
9684,1997-1998,Uttar Pradesh,9,Varanasi,187,Rapeseed &Mustard,1004.0,Oilseeds,Rabi,784.0,Hectare,693.0,Tonnes,0.884,Tonnes/Hectare
9685,1997-1998,Uttar Pradesh,9,Varanasi,187,Rice,101.0,Cereals,Kharif,43189.0,Hectare,115352.0,Tonnes,2.671,Tonnes/Hectare
9686,1997-1998,Uttar Pradesh,9,Varanasi,187,Sesamum,1003.0,Oilseeds,Kharif,106.0,Hectare,16.0,Tonnes,0.151,Tonnes/Hectare
9687,1997-1998,Uttar Pradesh,9,Varanasi,187,Small Millets,108.0,Cereals,Kharif,12.0,Hectare,7.0,Tonnes,0.583,Tonnes/Hectare
9688,1997-1998,Uttar Pradesh,9,Varanasi,187,Sugarcane,401.0,Sugar,Whole Year,7943.0,Hectare,326171.0,Tonnes,41.064,Tonnes/Hectare
9689,1997-1998,Uttar Pradesh,9,Varanasi,187,Sunflower,1007.0,Oilseeds,Kharif,142671.0,Hectare,348071.0,Tonnes,2.44,Tonnes/Hectare
9690,1997-1998,Uttar Pradesh,9,Varanasi,187,Urad,203.0,Pulses,Kharif,2653.0,Hectare,1907.0,Tonnes,0.719,Tonnes/Hectare
9691,1997-1998,Uttar Pradesh,9,Varanasi,187,Wheat,106.0,Cereals,Rabi,69282.0,Hectare,199806.0,Tonnes,2.884,Tonnes/Hectare
12527,1998-1999,Bihar,10,Purnia,214,Arhar/Tur,202.0,Pulses,Kharif,247.0,Hectare,372.0,Tonnes,1.506,Tonnes/Hectare
12528,1998-1999,Bihar,10,Purnia,214,Banana,606.0,Fruits,Whole Year,1622.0,Hectare,27023.0,Tonnes,16.66,Tonnes/Hectare
12529,1998-1999,Bihar,10,Purnia,214,Barley,107.0,Cereals,Rabi,88.0,Hectare,102.0,Tonnes,1.159,Tonnes/Hectare
12530,1998-1999,Bihar,10,Purnia,214,Coriander,509.0,Spices,Whole Year,67.0,Hectare,41.0,Tonnes,0.612,Tonnes/Hectare
12531,1998-1999,Bihar,10,Purnia,214,Dry Chillies,502.0,Spices,Whole Year,79.0,Hectare,74.0,Tonnes,0.937,Tonnes/Hectare
12532,1998-1999,Bihar,10,Purnia,214,Garlic,508.0,Spices,Whole Year,124.0,Hectare,180.0,Tonnes,1.452,Tonnes/Hectare
12533,1998-1999,Bihar,10,Purnia,214,Ginger,503.0,Spices,Whole Year,17.0,Hectare,24.0,Tonnes,1.412,Tonnes/Hectare
12534,1998-1999,Bihar,10,Purnia,214,Gram,201.0,Pulses,Rabi,142.0,Hectare,130.0,Tonnes,0.915,Tonnes/Hectare
12535,1998-1999,Bihar,10,Purnia,214,Jute,1102.0,Fiber Crops,Kharif,35627.0,Hectare,168634.0,Tonnes,4.733,Tonnes/Hectare
12536,1998-1999,Bihar,10,Purnia,214,Linseed,1005.0,Oilseeds,Rabi,1423.0,Hectare,896.0,Tonnes,0.63,Tonnes/Hectare
12537,1998-1999,Bihar,10,Purnia,214,Maize,104.0,Cereals,Kharif,6927.0,Hectare,5692.0,Tonnes,0.822,Tonnes/Hectare
12538,1998-1999,Bihar,10,Purnia,214,Maize,104.0,Cereals,Rabi,9224.0,Hectare,19970.0,Tonnes,2.165,Tonnes/Hectare
12539,1998-1999,Bihar,10,Purnia,214,Maize,104.0,Cereals,Summer,14976.0,Hectare,47497.0,Tonnes,3.172,Tonnes/Hectare
12540,1998-1999,Bihar,10,Purnia,214,Maize,104.0,Cereals,Total,31127.0,Hectare,73159.0,Tonnes,2.35,Tonnes/Hectare
12541,1998-1999,Bihar,10,Purnia,214,Mesta,1103.0,Fiber Crops,Kharif,2463.0,Hectare,15448.0,Tonnes,6.272,Tonnes/Hectare
12542,1998-1999,Bihar,10,Purnia,214,Niger Seed,1010.0,Oilseeds,Kharif,34.0,Hectare,21.0,Tonnes,0.618,Tonnes/Hectare
12543,1998-1999,Bihar,10,Purnia,214,Onion,708.0,Vegetable,Whole Year,377.0,Hectare,3370.0,Tonnes,8.939,Tonnes/Hectare
12544,1998-1999,Bihar,10,Purnia,214,Other Kharif Pulses,288.0,Pulses,Kharif,4099.0,Hectare,2616.0,Tonnes,0.638,Tonnes/Hectare
12545,1998-1999,Bihar,10,Purnia,214,Other Rabi Pulses,288.0,Pulses,Rabi,14989.0,Hectare,8828.0,Tonnes,0.589,Tonnes/Hectare
12546,1998-1999,Bihar,10,Purnia,214,Potato,701.0,Vegetable,Whole Year,6523.0,Hectare,54020.0,Tonnes,8.281,Tonnes/Hectare
12547,1998-1999,Bihar,10,Purnia,214,Ragi,105.0,Cereals,Kharif,44.0,Hectare,27.0,Tonnes,0.614,Tonnes/Hectare
12548,1998-1999,Bihar,10,Purnia,214,Rapeseed &Mustard,1004.0,Oilseeds,Rabi,4068.0,Hectare,2900.0,Tonnes,0.713,Tonnes/Hectare
12549,1998-1999,Bihar,10,Purnia,214,Rice,101.0,Cereals,Summer,18535.0,Hectare,45627.0,Tonnes,2.462,Tonnes/Hectare
12550,1998-1999,Bihar,10,Purnia,214,Rice,101.0,Cereals,Total,99215.0,Hectare,129727.0,Tonnes,1.308,Tonnes/Hectare
12551,1998-1999,Bihar,10,Purnia,214,Rice,101.0,Cereals,Winter,80680.0,Hectare,84100.0,Tonnes,1.042,Tonnes/Hectare
12552,1998-1999,Bihar,10,Purnia,214,Sesamum,1003.0,Oilseeds,Kharif,42.0,Hectare,22.0,Tonnes,0.524,Tonnes/Hectare
12553,1998-1999,Bihar,10,Purnia,214,Sugarcane,401.0,Sugar,Whole Year,292.0,Hectare,11930.0,Tonnes,40.856,Tonnes/Hectare
12554,1998-1999,Bihar,10,Purnia,214,Sunflower,1007.0,Oilseeds,Kharif,1927.0,Hectare,971.0,Tonnes,0.504,Tonnes/Hectare
12555,1998-1999,Bihar,10,Purnia,214,Sweet Potato,703.0,Vegetable,Whole Year,105.0,Hectare,1135.0,Tonnes,10.81,Tonnes/Hectare
12556,1998-1999,Bihar,10,Purnia,214,Tobacco,1302.0,Drugs And Narcotics,Whole Year,133.0,Hectare,101.0,Tonnes,0.759,Tonnes/Hectare
12557,1998-1999,Bihar,10,Purnia,214,Turmeric,504.0,Spices,Whole Year,142.0,Hectare,282.0,Tonnes,1.986,Tonnes/Hectare
12558,1998-1999,Bihar,10,Purnia,214,Urad,203.0,Pulses,Kharif,118.0,Hectare,89.0,Tonnes,0.754,Tonnes/Hectare
12559,1998-1999,Bihar,10,Purnia,214,Wheat,106.0,Cereals,Rabi,54728.0,Hectare,103573.0,Tonnes,1.893,Tonnes/Hectare
13658,1998-1999,Haryana,6,Gurugram,62,Arhar/Tur,202.0,Pulses,Kharif,1484.0,Hectare,700.0,Tonnes,0.472,Tonnes/Hectare
13659,1998-1999,Haryana,6,Gurugram,62,Bajra,103.0,Cereals,Kharif,55426.0,Hectare,59000.0,Tonnes,1.064,Tonnes/Hectare
13660,1998-1999,Haryana,6,Gurugram,62,Barley,107.0,Cereals,Rabi,3034.0,Hectare,7000.0,Tonnes,2.307,Tonnes/Hectare
13661,1998-1999,Haryana,6,Gurugram,62,Cotton(Lint),1101.0,Fiber Crops,Kharif,113.0,Hectare,,Tonnes,0.0,Tonnes/Hectare
13662,1998-1999,Haryana,6,Gurugram,62,Dry Chillies,502.0,Spices,Whole Year,60.0,Hectare,100.0,Tonnes,1.667,Tonnes/Hectare
13663,1998-1999,Haryana,6,Gurugram,62,Gram,201.0,Pulses,Rabi,6201.0,Hectare,6000.0,Tonnes,0.968,Tonnes/Hectare
13664,1998-1999,Haryana,6,Gurugram,62,Groundnut,1001.0,Oilseeds,Kharif,183.0,Hectare,,Tonnes,0.0,Tonnes/Hectare
13665,1998-1999,Haryana,6,Gurugram,62,Jowar,102.0,Cereals,Kharif,22002.0,Hectare,3000.0,Tonnes,0.136,Tonnes/Hectare
13666,1998-1999,Haryana,6,Gurugram,62,Maize,104.0,Cereals,Kharif,13.0,Hectare,,Tonnes,0.0,Tonnes/Hectare
13667,1998-1999,Haryana,6,Gurugram,62,Masoor,205.0,Pulses,Rabi,2317.0,Hectare,700.0,Tonnes,0.302,Tonnes/Hectare
13668,1998-1999,Haryana,6,Gurugram,62,Moong(Green Gram),204.0,Pulses,Kharif,67.0,Hectare,,Tonnes,0.0,Tonnes/Hectare
13669,1998-1999,Haryana,6,Gurugram,62,Onion,708.0,Vegetable,Whole Year,49.0,Hectare,600.0,Tonnes,12.245,Tonnes/Hectare
13670,1998-1999,Haryana,6,Gurugram,62,Peas & Beans (Pulses),213.0,Pulses,Rabi,212.0,Hectare,100.0,Tonnes,0.472,Tonnes/Hectare
13671,1998-1999,Haryana,6,Gurugram,62,Potato,701.0,Vegetable,Whole Year,40.0,Hectare,600.0,Tonnes,15.0,Tonnes/Hectare
13672,1998-1999,Haryana,6,Gurugram,62,Rapeseed &Mustard,1004.0,Oilseeds,Rabi,37414.0,Hectare,47000.0,Tonnes,1.256,Tonnes/Hectare
13673,1998-1999,Haryana,6,Gurugram,62,Rice,101.0,Cereals,Kharif,10884.0,Hectare,25000.0,Tonnes,2.297,Tonnes/Hectare
13674,1998-1999,Haryana,6,Gurugram,62,Sesamum,1003.0,Oilseeds,Kharif,852.0,Hectare,200.0,Tonnes,0.235,Tonnes/Hectare
13675,1998-1999,Haryana,6,Gurugram,62,Sugarcane,401.0,Sugar,Whole Year,306.0,Hectare,50000.0,Tonnes,163.399,Tonnes/Hectare
13676,1998-1999,Haryana,6,Gurugram,62,Wheat,106.0,Cereals,Rabi,128935.0,Hectare,414000.0,Tonnes,3.211,Tonnes/Hectare
23298,1998-1999,Uttar Pradesh,9,Varanasi,187,Arhar/Tur,202.0,Pulses,Kharif,5743.0,Hectare,6769.0,Tonnes,1.179,Tonnes/Hectare
23299,1998-1999,Uttar Pradesh,9,Varanasi,187,Bajra,103.0,Cereals,Kharif,5248.0,Hectare,6740.0,Tonnes,1.284,Tonnes/Hectare
23300,1998-1999,Uttar Pradesh,9,Varanasi,187,Barley,107.0,Cereals,Rabi,37.0,Hectare,46.0,Tonnes,1.243,Tonnes/Hectare
23301,1998-1999,Uttar Pradesh,9,Varanasi,187,Gram,201.0,Pulses,Rabi,2780.0,Hectare,2343.0,Tonnes,0.843,Tonnes/Hectare
23302,1998-1999,Uttar Pradesh,9,Varanasi,187,Jowar,102.0,Cereals,Kharif,2874.0,Hectare,1974.0,Tonnes,0.687,Tonnes/Hectare
23303,1998-1999,Uttar Pradesh,9,Varanasi,187,Maize,104.0,Cereals,Kharif,5912.0,Hectare,3390.0,Tonnes,0.573,Tonnes/Hectare
23304,1998-1999,Uttar Pradesh,9,Varanasi,187,Maize,104.0,Cereals,Summer,9.0,Hectare,9.0,Tonnes,1.0,Tonnes/Hectare
23305,1998-1999,Uttar Pradesh,9,Varanasi,187,Maize,104.0,Cereals,Total,5921.0,Hectare,3399.0,Tonnes,0.574,Tonnes/Hectare
23306,1998-1999,Uttar Pradesh,9,Varanasi,187,Masoor,205.0,Pulses,Rabi,207.0,Hectare,170.0,Tonnes,0.821,Tonnes/Hectare
23307,1998-1999,Uttar Pradesh,9,Varanasi,187,Moong(Green Gram),204.0,Pulses,Kharif,502.0,Hectare,170.0,Tonnes,0.339,Tonnes/Hectare
23308,1998-1999,Uttar Pradesh,9,Varanasi,187,Moong(Green Gram),204.0,Pulses,Summer,10.0,Hectare,4.0,Tonnes,0.4,Tonnes/Hectare
23309,1998-1999,Uttar Pradesh,9,Varanasi,187,Moong(Green Gram),204.0,Pulses,Total,512.0,Hectare,174.0,Tonnes,0.34,Tonnes/Hectare
23310,1998-1999,Uttar Pradesh,9,Varanasi,187,Onion,708.0,Vegetable,Whole Year,410.0,Hectare,4853.0,Tonnes,11.837,Tonnes/Hectare
23311,1998-1999,Uttar Pradesh,9,Varanasi,187,Peas & Beans (Pulses),213.0,Pulses,Rabi,1989.0,Hectare,2082.0,Tonnes,1.047,Tonnes/Hectare
23312,1998-1999,Uttar Pradesh,9,Varanasi,187,Potato,701.0,Vegetable,Whole Year,4713.0,Hectare,107529.0,Tonnes,22.815,Tonnes/Hectare
23313,1998-1999,Uttar Pradesh,9,Varanasi,187,Rapeseed &Mustard,1004.0,Oilseeds,Rabi,642.0,Hectare,305.0,Tonnes,0.475,Tonnes/Hectare
23314,1998-1999,Uttar Pradesh,9,Varanasi,187,Rice,101.0,Cereals,Kharif,49869.0,Hectare,121321.0,Tonnes,2.433,Tonnes/Hectare
23315,1998-1999,Uttar Pradesh,9,Varanasi,187,Sannhamp,1104.0,Fiber Crops,Whole Year,2122.0,Hectare,772.0,Tonnes,0.364,Tonnes/Hectare
23316,1998-1999,Uttar Pradesh,9,Varanasi,187,Sesamum,1003.0,Oilseeds,Kharif,27.0,Hectare,3.0,Tonnes,0.111,Tonnes/Hectare
23317,1998-1999,Uttar Pradesh,9,Varanasi,187,Sugarcane,401.0,Sugar,Whole Year,8629.0,Hectare,383438.0,Tonnes,44.436,Tonnes/Hectare
23318,1998-1999,Uttar Pradesh,9,Varanasi,187,Urad,203.0,Pulses,Kharif,2276.0,Hectare,1059.0,Tonnes,0.465,Tonnes/Hectare
23319,1998-1999,Uttar Pradesh,9,Varanasi,187,Wheat,106.0,Cereals,Rabi,68591.0,Hectare,154746.0,Tonnes,2.256,Tonnes/Hectare
26188,1999-2000,Bihar,10,Purnia,214,Arhar/Tur,202.0,Pulses,Kharif,200.0,Hectare,168.0,Tonnes,0.84,Tonnes/Hectare
26189,1999-2000,Bihar,10,Purnia,214,Banana,606.0,Fruits,Whole Year,1495.0,Hectare,10181.0,Tonnes,6.81,Tonnes/Hectare
26190,1999-2000,Bihar,10,Purnia,214,Coriander,509.0,Spices,Whole Year,64.0,Hectare,33.0,Tonnes,0.516,Tonnes/Hectare
26191,1999-2000,Bihar,10,Purnia,214,Dry Chillies,502.0,Spices,Whole Year,398.0,Hectare,378.0,Tonnes,0.95,Tonnes/Hectare
26192,1999-2000,Bihar,10,Purnia,214,Garlic,508.0,Spices,Whole Year,200.0,Hectare,284.0,Tonnes,1.42,Tonnes/Hectare
26193,1999-2000,Bihar,10,Purnia,214,Ginger,503.0,Spices,Kharif,16.0,Hectare,23.0,Tonnes,1.438,Tonnes/Hectare
26194,1999-2000,Bihar,10,Purnia,214,Gram,201.0,Pulses,Rabi,83.0,Hectare,62.0,Tonnes,0.747,Tonnes/Hectare
26195,1999-2000,Bihar,10,Purnia,214,Horse-Gram,206.0,Pulses,Kharif,1330.0,Hectare,1184.0,Tonnes,0.89,Tonnes/Hectare
26196,1999-2000,Bihar,10,Purnia,214,Jowar,102.0,Cereals,Kharif,43.0,Hectare,52.0,Tonnes,1.209,Tonnes/Hectare
26197,1999-2000,Bihar,10,Purnia,214,Jute,1102.0,Fiber Crops,Kharif,33278.0,Hectare,242560.0,Tonnes,7.289,Tonnes/Hectare
26198,1999-2000,Bihar,10,Purnia,214,Khesari,521.0,Spices,Rabi,2148.0,Hectare,1858.0,Tonnes,0.865,Tonnes/Hectare
26199,1999-2000,Bihar,10,Purnia,214,Linseed,1005.0,Oilseeds,Rabi,1606.0,Hectare,993.0,Tonnes,0.618,Tonnes/Hectare
26200,1999-2000,Bihar,10,Purnia,214,Maize,104.0,Cereals,Kharif,7394.0,Hectare,12554.0,Tonnes,1.698,Tonnes/Hectare
26201,1999-2000,Bihar,10,Purnia,214,Maize,104.0,Cereals,Rabi,9211.0,Hectare,31944.0,Tonnes,3.468,Tonnes/Hectare
26202,1999-2000,Bihar,10,Purnia,214,Maize,104.0,Cereals,Summer,15101.0,Hectare,30160.0,Tonnes,1.997,Tonnes/Hectare
26203,1999-2000,Bihar,10,Purnia,214,Maize,104.0,Cereals,Total,31706.0,Hectare,74658.0,Tonnes,2.355,Tonnes/Hectare
26204,1999-2000,Bihar,10,Purnia,214,Masoor,205.0,Pulses,Rabi,2386.0,Hectare,1109.0,Tonnes,0.465,Tonnes/Hectare
26205,1999-2000,Bihar,10,Purnia,214,Mesta,1103.0,Fiber Crops,Kharif,9878.0,Hectare,62067.0,Tonnes,6.283,Tonnes/Hectare
26206,1999-2000,Bihar,10,Purnia,214,Moong(Green Gram),204.0,Pulses,Kharif,3164.0,Hectare,1631.0,Tonnes,0.515,Tonnes/Hectare
26207,1999-2000,Bihar,10,Purnia,214,Moong(Green Gram),204.0,Pulses,Rabi,7728.0,Hectare,4258.0,Tonnes,0.551,Tonnes/Hectare
26208,1999-2000,Bihar,10,Purnia,214,Moong(Green Gram),204.0,Pulses,Total,10892.0,Hectare,5889.0,Tonnes,0.541,Tonnes/Hectare
26209,1999-2000,Bihar,10,Purnia,214,Onion,708.0,Vegetable,Whole Year,430.0,Hectare,3264.0,Tonnes,7.591,Tonnes/Hectare
26210,1999-2000,Bihar,10,Purnia,214,Peas & Beans (Pulses),213.0,Pulses,Rabi,295.0,Hectare,211.0,Tonnes,0.715,Tonnes/Hectare
26211,1999-2000,Bihar,10,Purnia,214,Potato,701.0,Vegetable,Whole Year,11658.0,Hectare,95441.0,Tonnes,8.187,Tonnes/Hectare
26212,1999-2000,Bihar,10,Purnia,214,Ragi,105.0,Cereals,Kharif,172.0,Hectare,119.0,Tonnes,0.692,Tonnes/Hectare
26213,1999-2000,Bihar,10,Purnia,214,Rapeseed &Mustard,1004.0,Oilseeds,Rabi,3491.0,Hectare,1903.0,Tonnes,0.545,Tonnes/Hectare
26214,1999-2000,Bihar,10,Purnia,214,Rice,101.0,Cereals,Kharif,21361.0,Hectare,17118.0,Tonnes,0.801,Tonnes/Hectare
26215,1999-2000,Bihar,10,Purnia,214,Rice,101.0,Cereals,Summer,16966.0,Hectare,34911.0,Tonnes,2.058,Tonnes/Hectare
26216,1999-2000,Bihar,10,Purnia,214,Rice,101.0,Cereals,Total,38327.0,Hectare,52029.0,Tonnes,1.358,Tonnes/Hectare
26217,1999-2000,Bihar,10,Purnia,214,Sesamum,1003.0,Oilseeds,Kharif,54.0,Hectare,25.0,Tonnes,0.463,Tonnes/Hectare
26218,1999-2000,Bihar,10,Purnia,214,Sugarcane,401.0,Sugar,Whole Year,7.0,Hectare,177.0,Tonnes,25.286,Tonnes/Hectare
26219,1999-2000,Bihar,10,Purnia,214,Sunflower,1007.0,Oilseeds,Kharif,4868.0,Hectare,2518.0,Tonnes,0.517,Tonnes/Hectare
26220,1999-2000,Bihar,10,Purnia,214,Sweet Potato,703.0,Vegetable,Whole Year,97.0,Hectare,1322.0,Tonnes,13.629,Tonnes/Hectare
26221,1999-2000,Bihar,10,Purnia,214,Tobacco,1302.0,Drugs And Narcotics,Whole Year,65.0,Hectare,66.0,Tonnes,1.015,Tonnes/Hectare
26222,1999-2000,Bihar,10,Purnia,214,Turmeric,504.0,Spices,Whole Year,128.0,Hectare,255.0,Tonnes,1.992,Tonnes/Hectare
26223,1999-2000,Bihar,10,Purnia,214,Urad,203.0,Pulses,Kharif,3262.0,Hectare,2515.0,Tonnes,0.771,Tonnes/Hectare
26224,1999-2000,Bihar,10,Purnia,214,Wheat,106.0,Cereals,Rabi,50304.0,Hectare,96274.0,Tonnes,1.914,Tonnes/Hectare
27370,1999-2000,Haryana,6,Gurugram,62,Arhar/Tur,202.0,Pulses,Kharif,1217.0,Hectare,500.0,Tonnes,0.411,Tonnes/Hectare
27371,1999-2000,Haryana,6,Gurugram,62,Bajra,103.0,Cereals,Kharif,59169.0,Hectare,65000.0,Tonnes,1.099,Tonnes/Hectare
27372,1999-2000,Haryana,6,Gurugram,62,Barley,107.0,Cereals,Rabi,2283.0,Hectare,5000.0,Tonnes,2.19,Tonnes/Hectare
27373,1999-2000,Haryana,6,Gurugram,62,Cotton(Lint),1101.0,Fiber Crops,Kharif,230.0,Hectare,0.0,Tonnes,0.0,Tonnes/Hectare
27374,1999-2000,Haryana,6,Gurugram,62,Dry Chillies,502.0,Spices,Whole Year,89.0,Hectare,100.0,Tonnes,1.124,Tonnes/Hectare
27375,1999-2000,Haryana,6,Gurugram,62,Gram,201.0,Pulses,Rabi,4678.0,Hectare,4000.0,Tonnes,0.855,Tonnes/Hectare
27376,1999-2000,Haryana,6,Gurugram,62,Groundnut,1001.0,Oilseeds,Kharif,79.0,Hectare,0.0,Tonnes,0.0,Tonnes/Hectare
27377,1999-2000,Haryana,6,Gurugram,62,Jowar,102.0,Cereals,Kharif,18640.0,Hectare,3000.0,Tonnes,0.161,Tonnes/Hectare
27378,1999-2000,Haryana,6,Gurugram,62,Maize,104.0,Cereals,Kharif,8.0,Hectare,0.0,Tonnes,0.0,Tonnes/Hectare
27379,1999-2000,Haryana,6,Gurugram,62,Masoor,205.0,Pulses,Rabi,1823.0,Hectare,800.0,Tonnes,0.439,Tonnes/Hectare
27380,1999-2000,Haryana,6,Gurugram,62,Moong(Green Gram),204.0,Pulses,Kharif,78.0,Hectare,0.0,Tonnes,0.0,Tonnes/Hectare
27381,1999-2000,Haryana,6,Gurugram,62,Onion,708.0,Vegetable,Whole Year,851.0,Hectare,11300.0,Tonnes,13.278,Tonnes/Hectare
27382,1999-2000,Haryana,6,Gurugram,62,Peas & Beans (Pulses),213.0,Pulses,Rabi,155.0,Hectare,100.0,Tonnes,0.645,Tonnes/Hectare
27383,1999-2000,Haryana,6,Gurugram,62,Potato,701.0,Vegetable,Whole Year,16.0,Hectare,300.0,Tonnes,18.75,Tonnes/Hectare
27384,1999-2000,Haryana,6,Gurugram,62,Rapeseed &Mustard,1004.0,Oilseeds,Rabi,43566.0,Hectare,61000.0,Tonnes,1.4,Tonnes/Hectare
27385,1999-2000,Haryana,6,Gurugram,62,Rice,101.0,Cereals,Kharif,9465.0,Hectare,22000.0,Tonnes,2.324,Tonnes/Hectare
27386,1999-2000,Haryana,6,Gurugram,62,Sesamum,1003.0,Oilseeds,Kharif,1387.0,Hectare,0.0,Tonnes,0.0,Tonnes/Hectare
27387,1999-2000,Haryana,6,Gurugram,62,Sugarcane,401.0,Sugar,Whole Year,254.0,Hectare,0.0,Tonnes,0.0,Tonnes/Hectare
27388,1999-2000,Haryana,6,Gurugram,62,Wheat,106.0,Cereals,Rabi,129579.0,Hectare,486000.0,Tonnes,3.751,Tonnes/Hectare
42459,2000-2001,Haryana,6,Gurugram,62,Urad,203.0,Pulses,Kharif,16.0,Hectare,0.0,Tonnes,0.0,Tonnes/Hectare
37524,1999-2000,Uttar Pradesh,9,Varanasi,187,Arhar/Tur,202.0,Pulses,Kharif,5750.0,Hectare,8187.0,Tonnes,1.424,Tonnes/Hectare
37525,1999-2000,Uttar Pradesh,9,Varanasi,187,Bajra,103.0,Cereals,Kharif,5255.0,Hectare,5012.0,Tonnes,0.954,Tonnes/Hectare
37526,1999-2000,Uttar Pradesh,9,Varanasi,187,Barley,107.0,Cereals,Rabi,258.0,Hectare,439.0,Tonnes,1.702,Tonnes/Hectare
37527,1999-2000,Uttar Pradesh,9,Varanasi,187,Gram,201.0,Pulses,Rabi,2963.0,Hectare,2961.0,Tonnes,0.999,Tonnes/Hectare
37528,1999-2000,Uttar Pradesh,9,Varanasi,187,Jowar,102.0,Cereals,Kharif,2899.0,Hectare,2527.0,Tonnes,0.872,Tonnes/Hectare
37529,1999-2000,Uttar Pradesh,9,Varanasi,187,Maize,104.0,Cereals,Kharif,5932.0,Hectare,6788.0,Tonnes,1.144,Tonnes/Hectare
37530,1999-2000,Uttar Pradesh,9,Varanasi,187,Maize,104.0,Cereals,Rabi,16.0,Hectare,23.0,Tonnes,1.438,Tonnes/Hectare
37531,1999-2000,Uttar Pradesh,9,Varanasi,187,Maize,104.0,Cereals,Total,5948.0,Hectare,6811.0,Tonnes,1.145,Tonnes/Hectare
37532,1999-2000,Uttar Pradesh,9,Varanasi,187,Moong(Green Gram),204.0,Pulses,Kharif,495.0,Hectare,231.0,Tonnes,0.467,Tonnes/Hectare
37533,1999-2000,Uttar Pradesh,9,Varanasi,187,Moong(Green Gram),204.0,Pulses,Summer,16.0,Hectare,12.0,Tonnes,0.75,Tonnes/Hectare
37534,1999-2000,Uttar Pradesh,9,Varanasi,187,Moong(Green Gram),204.0,Pulses,Total,511.0,Hectare,243.0,Tonnes,0.476,Tonnes/Hectare
37535,1999-2000,Uttar Pradesh,9,Varanasi,187,Onion,708.0,Vegetable,Whole Year,476.0,Hectare,6015.0,Tonnes,12.637,Tonnes/Hectare
37536,1999-2000,Uttar Pradesh,9,Varanasi,187,Peas & Beans (Pulses),213.0,Pulses,Whole Year,2198.0,Hectare,2279.0,Tonnes,1.037,Tonnes/Hectare
37537,1999-2000,Uttar Pradesh,9,Varanasi,187,Potato,701.0,Vegetable,Whole Year,4597.0,Hectare,104967.0,Tonnes,22.834,Tonnes/Hectare
37538,1999-2000,Uttar Pradesh,9,Varanasi,187,Rapeseed &Mustard,1004.0,Oilseeds,Rabi,676.0,Hectare,522.0,Tonnes,0.772,Tonnes/Hectare
37539,1999-2000,Uttar Pradesh,9,Varanasi,187,Rice,101.0,Cereals,Kharif,50073.0,Hectare,136151.0,Tonnes,2.719,Tonnes/Hectare
37540,1999-2000,Uttar Pradesh,9,Varanasi,187,Sugarcane,401.0,Sugar,Whole Year,8720.0,Hectare,350928.0,Tonnes,40.244,Tonnes/Hectare
37541,1999-2000,Uttar Pradesh,9,Varanasi,187,Urad,203.0,Pulses,Kharif,2277.0,Hectare,856.0,Tonnes,0.376,Tonnes/Hectare
37542,1999-2000,Uttar Pradesh,9,Varanasi,187,Urad,203.0,Pulses,Summer,1.0,Hectare,1.0,Tonnes,1.0,Tonnes/Hectare
37543,1999-2000,Uttar Pradesh,9,Varanasi,187,Urad,203.0,Pulses,Total,2278.0,Hectare,857.0,Tonnes,0.376,Tonnes/Hectare
37544,1999-2000,Uttar Pradesh,9,Varanasi,187,Wheat,106.0,Cereals,Rabi,68652.0,Hectare,185859.0,Tonnes,2.707,Tonnes/Hectare
40865,2000-2001,Bihar,10,Purnia,214,Arhar/Tur,202.0,Pulses,Kharif,182.0,Hectare,318.0,Tonnes,1.747,Tonnes/Hectare
40866,2000-2001,Bihar,10,Purnia,214,Banana,606.0,Fruits,Whole Year,1232.0,Hectare,3474.0,Tonnes,2.82,Tonnes/Hectare
40867,2000-2001,Bihar,10,Purnia,214,Barley,107.0,Cereals,Rabi,14.0,Hectare,16.0,Tonnes,1.143,Tonnes/Hectare
40868,2000-2001,Bihar,10,Purnia,214,Coriander,509.0,Spices,Whole Year,36.0,Hectare,17.0,Tonnes,0.472,Tonnes/Hectare
40869,2000-2001,Bihar,10,Purnia,214,Dry Chillies,502.0,Spices,Whole Year,105.0,Hectare,90.0,Tonnes,0.857,Tonnes/Hectare
40870,2000-2001,Bihar,10,Purnia,214,Garlic,508.0,Spices,Whole Year,59.0,Hectare,73.0,Tonnes,1.237,Tonnes/Hectare
40871,2000-2001,Bihar,10,Purnia,214,Ginger,503.0,Spices,Kharif,11.0,Hectare,15.0,Tonnes,1.364,Tonnes/Hectare
40872,2000-2001,Bihar,10,Purnia,214,Gram,201.0,Pulses,Rabi,46.0,Hectare,42.0,Tonnes,0.913,Tonnes/Hectare
40873,2000-2001,Bihar,10,Purnia,214,Horse-Gram,206.0,Pulses,Kharif,1147.0,Hectare,1058.0,Tonnes,0.922,Tonnes/Hectare
40874,2000-2001,Bihar,10,Purnia,214,Jute,1102.0,Fiber Crops,Kharif,20577.0,Hectare,167588.0,Tonnes,8.144,Tonnes/Hectare
40875,2000-2001,Bihar,10,Purnia,214,Khesari,521.0,Spices,Rabi,2067.0,Hectare,1635.0,Tonnes,0.791,Tonnes/Hectare
40876,2000-2001,Bihar,10,Purnia,214,Linseed,1005.0,Oilseeds,Rabi,1147.0,Hectare,789.0,Tonnes,0.688,Tonnes/Hectare
40877,2000-2001,Bihar,10,Purnia,214,Maize,104.0,Cereals,Kharif,9296.0,Hectare,21693.0,Tonnes,2.334,Tonnes/Hectare
40878,2000-2001,Bihar,10,Purnia,214,Maize,104.0,Cereals,Rabi,14411.0,Hectare,44847.0,Tonnes,3.112,Tonnes/Hectare
40879,2000-2001,Bihar,10,Purnia,214,Maize,104.0,Cereals,Summer,17740.0,Hectare,51450.0,Tonnes,2.9,Tonnes/Hectare
40880,2000-2001,Bihar,10,Purnia,214,Maize,104.0,Cereals,Total,41447.0,Hectare,117990.0,Tonnes,2.847,Tonnes/Hectare
40881,2000-2001,Bihar,10,Purnia,214,Masoor,205.0,Pulses,Rabi,3811.0,Hectare,3304.0,Tonnes,0.867,Tonnes/Hectare
40882,2000-2001,Bihar,10,Purnia,214,Mesta,1103.0,Fiber Crops,Kharif,14794.0,Hectare,98216.0,Tonnes,6.639,Tonnes/Hectare
40883,2000-2001,Bihar,10,Purnia,214,Moong(Green Gram),204.0,Pulses,Kharif,3788.0,Hectare,1651.0,Tonnes,0.436,Tonnes/Hectare
40884,2000-2001,Bihar,10,Purnia,214,Moong(Green Gram),204.0,Pulses,Rabi,9605.0,Hectare,8135.0,Tonnes,0.847,Tonnes/Hectare
40885,2000-2001,Bihar,10,Purnia,214,Moong(Green Gram),204.0,Pulses,Total,13393.0,Hectare,9786.0,Tonnes,0.731,Tonnes/Hectare
40886,2000-2001,Bihar,10,Purnia,214,Onion,708.0,Vegetable,Whole Year,336.0,Hectare,2644.0,Tonnes,7.869,Tonnes/Hectare
40887,2000-2001,Bihar,10,Purnia,214,Other Kharif Pulses,288.0,Pulses,Kharif,77.0,Hectare,40.0,Tonnes,0.519,Tonnes/Hectare
40888,2000-2001,Bihar,10,Purnia,214,Peas & Beans (Pulses),213.0,Pulses,Rabi,390.0,Hectare,432.0,Tonnes,1.108,Tonnes/Hectare
40889,2000-2001,Bihar,10,Purnia,214,Potato,701.0,Vegetable,Whole Year,10786.0,Hectare,87102.0,Tonnes,8.075,Tonnes/Hectare
40890,2000-2001,Bihar,10,Purnia,214,Ragi,105.0,Cereals,Kharif,175.0,Hectare,454.0,Tonnes,2.594,Tonnes/Hectare
40891,2000-2001,Bihar,10,Purnia,214,Rapeseed &Mustard,1004.0,Oilseeds,Rabi,3292.0,Hectare,4790.0,Tonnes,1.455,Tonnes/Hectare
40892,2000-2001,Bihar,10,Purnia,214,Rice,101.0,Cereals,Autumn,69489.0,Hectare,84160.0,Tonnes,1.211,Tonnes/Hectare
40893,2000-2001,Bihar,10,Purnia,214,Rice,101.0,Cereals,Kharif,25315.0,Hectare,45343.0,Tonnes,1.791,Tonnes/Hectare
40894,2000-2001,Bihar,10,Purnia,214,Rice,101.0,Cereals,Summer,19963.0,Hectare,35896.0,Tonnes,1.798,Tonnes/Hectare
40895,2000-2001,Bihar,10,Purnia,214,Rice,101.0,Cereals,Total,114767.0,Hectare,165399.0,Tonnes,1.441,Tonnes/Hectare
40896,2000-2001,Bihar,10,Purnia,214,Sesamum,1003.0,Oilseeds,Kharif,9.0,Hectare,4.0,Tonnes,0.444,Tonnes/Hectare
40897,2000-2001,Bihar,10,Purnia,214,Small Millets,108.0,Cereals,Kharif,143.0,Hectare,74.0,Tonnes,0.517,Tonnes/Hectare
40898,2000-2001,Bihar,10,Purnia,214,Sugarcane,401.0,Sugar,Whole Year,26.0,Hectare,750.0,Tonnes,28.846,Tonnes/Hectare
40899,2000-2001,Bihar,10,Purnia,214,Sunflower,1007.0,Oilseeds,Kharif,3190.0,Hectare,4581.0,Tonnes,1.436,Tonnes/Hectare
40900,2000-2001,Bihar,10,Purnia,214,Sweet Potato,703.0,Vegetable,Whole Year,16.0,Hectare,273.0,Tonnes,17.062,Tonnes/Hectare
40901,2000-2001,Bihar,10,Purnia,214,Tobacco,1302.0,Drugs And Narcotics,Whole Year,48.0,Hectare,56.0,Tonnes,1.167,Tonnes/Hectare
40902,2000-2001,Bihar,10,Purnia,214,Turmeric,504.0,Spices,Whole Year,8.0,Hectare,8.0,Tonnes,1.0,Tonnes/Hectare
40903,2000-2001,Bihar,10,Purnia,214,Urad,203.0,Pulses,Kharif,3042.0,Hectare,2105.0,Tonnes,0.692,Tonnes/Hectare
40904,2000-2001,Bihar,10,Purnia,214,Wheat,106.0,Cereals,Rabi,52485.0,Hectare,94510.0,Tonnes,1.801,Tonnes/Hectare
42440,2000-2001,Haryana,6,Gurugram,62,Arhar/Tur,202.0,Pulses,Kharif,768.0,Hectare,300.0,Tonnes,0.391,Tonnes/Hectare
42441,2000-2001,Haryana,6,Gurugram,62,Bajra,103.0,Cereals,Kharif,64735.0,Hectare,78000.0,Tonnes,1.205,Tonnes/Hectare
42442,2000-2001,Haryana,6,Gurugram,62,Barley,107.0,Cereals,Rabi,3966.0,Hectare,10000.0,Tonnes,2.521,Tonnes/Hectare
42443,2000-2001,Haryana,6,Gurugram,62,Cotton(Lint),1101.0,Fiber Crops,Kharif,71.0,Hectare,0.0,Tonnes,0.0,Tonnes/Hectare
42444,2000-2001,Haryana,6,Gurugram,62,Dry Chillies,502.0,Spices,Whole Year,41.0,Hectare,0.0,Tonnes,0.0,Tonnes/Hectare
42445,2000-2001,Haryana,6,Gurugram,62,Gram,201.0,Pulses,Rabi,880.0,Hectare,1000.0,Tonnes,1.136,Tonnes/Hectare
42446,2000-2001,Haryana,6,Gurugram,62,Groundnut,1001.0,Oilseeds,Kharif,49.0,Hectare,0.0,Tonnes,0.0,Tonnes/Hectare
42447,2000-2001,Haryana,6,Gurugram,62,Jowar,102.0,Cereals,Kharif,19374.0,Hectare,4200.0,Tonnes,0.217,Tonnes/Hectare
42448,2000-2001,Haryana,6,Gurugram,62,Maize,104.0,Cereals,Kharif,8.0,Hectare,0.0,Tonnes,0.0,Tonnes/Hectare
42449,2000-2001,Haryana,6,Gurugram,62,Masoor,205.0,Pulses,Rabi,352.0,Hectare,100.0,Tonnes,0.284,Tonnes/Hectare
42450,2000-2001,Haryana,6,Gurugram,62,Moong(Green Gram),204.0,Pulses,Kharif,37.0,Hectare,0.0,Tonnes,0.0,Tonnes/Hectare
42451,2000-2001,Haryana,6,Gurugram,62,Onion,708.0,Vegetable,Whole Year,1219.0,Hectare,14600.0,Tonnes,11.977,Tonnes/Hectare
42452,2000-2001,Haryana,6,Gurugram,62,Peas & Beans (Pulses),213.0,Pulses,Rabi,203.0,Hectare,100.0,Tonnes,0.493,Tonnes/Hectare
42453,2000-2001,Haryana,6,Gurugram,62,Potato,701.0,Vegetable,Whole Year,27.0,Hectare,500.0,Tonnes,18.519,Tonnes/Hectare
42454,2000-2001,Haryana,6,Gurugram,62,Rapeseed &Mustard,1004.0,Oilseeds,Rabi,32106.0,Hectare,48000.0,Tonnes,1.495,Tonnes/Hectare
42455,2000-2001,Haryana,6,Gurugram,62,Rice,101.0,Cereals,Kharif,7881.0,Hectare,20000.0,Tonnes,2.538,Tonnes/Hectare
42456,2000-2001,Haryana,6,Gurugram,62,Sannhamp,1104.0,Fiber Crops,Whole Year,1.0,Hectare,0.0,Tonnes,0.0,Tonnes/Hectare
42457,2000-2001,Haryana,6,Gurugram,62,Sesamum,1003.0,Oilseeds,Kharif,1074.0,Hectare,200.0,Tonnes,0.186,Tonnes/Hectare
42458,2000-2001,Haryana,6,Gurugram,62,Sugarcane,401.0,Sugar,Whole Year,202.0,Hectare,,Tonnes,0.0,Tonnes/Hectare
42460,2000-2001,Haryana,6,Gurugram,62,Wheat,106.0,Cereals,Rabi,136504.0,Hectare,481000.0,Tonnes,3.524,Tonnes/Hectare
57245,2001-2002,Haryana,6,Gurugram,62,Urad,203.0,Pulses,Kharif,121.0,Hectare,0.0,Tonnes,0.0,Tonnes/Hectare
52306,2000-2001,Uttar Pradesh,9,Varanasi,187,Arhar/Tur,202.0,Pulses,Kharif,5775.0,Hectare,8342.0,Tonnes,1.445,Tonnes/Hectare
52307,2000-2001,Uttar Pradesh,9,Varanasi,187,Bajra,103.0,Cereals,Kharif,5203.0,Hectare,5069.0,Tonnes,0.974,Tonnes/Hectare
52308,2000-2001,Uttar Pradesh,9,Varanasi,187,Barley,107.0,Cereals,Rabi,298.0,Hectare,380.0,Tonnes,1.275,Tonnes/Hectare
52309,2000-2001,Uttar Pradesh,9,Varanasi,187,Gram,201.0,Pulses,Rabi,3104.0,Hectare,2988.0,Tonnes,0.963,Tonnes/Hectare
52310,2000-2001,Uttar Pradesh,9,Varanasi,187,Jowar,102.0,Cereals,Kharif,2984.0,Hectare,2689.0,Tonnes,0.901,Tonnes/Hectare
52311,2000-2001,Uttar Pradesh,9,Varanasi,187,Linseed,1005.0,Oilseeds,Rabi,2039.0,Hectare,871.0,Tonnes,0.427,Tonnes/Hectare
52312,2000-2001,Uttar Pradesh,9,Varanasi,187,Maize,104.0,Cereals,Kharif,5922.0,Hectare,8301.0,Tonnes,1.402,Tonnes/Hectare
52313,2000-2001,Uttar Pradesh,9,Varanasi,187,Maize,104.0,Cereals,Rabi,18.0,Hectare,29.0,Tonnes,1.611,Tonnes/Hectare
52314,2000-2001,Uttar Pradesh,9,Varanasi,187,Maize,104.0,Cereals,Total,5940.0,Hectare,8330.0,Tonnes,1.402,Tonnes/Hectare
52315,2000-2001,Uttar Pradesh,9,Varanasi,187,Masoor,205.0,Pulses,Rabi,281.0,Hectare,149.0,Tonnes,0.53,Tonnes/Hectare
52316,2000-2001,Uttar Pradesh,9,Varanasi,187,Moong(Green Gram),204.0,Pulses,Kharif,514.0,Hectare,156.0,Tonnes,0.304,Tonnes/Hectare
52317,2000-2001,Uttar Pradesh,9,Varanasi,187,Moong(Green Gram),204.0,Pulses,Rabi,15.0,Hectare,9.0,Tonnes,0.6,Tonnes/Hectare
52318,2000-2001,Uttar Pradesh,9,Varanasi,187,Moong(Green Gram),204.0,Pulses,Total,529.0,Hectare,165.0,Tonnes,0.312,Tonnes/Hectare
52319,2000-2001,Uttar Pradesh,9,Varanasi,187,Peas & Beans (Pulses),213.0,Pulses,Rabi,2420.0,Hectare,2870.0,Tonnes,1.186,Tonnes/Hectare
52320,2000-2001,Uttar Pradesh,9,Varanasi,187,Potato,701.0,Vegetable,Whole Year,4163.0,Hectare,94330.0,Tonnes,22.659,Tonnes/Hectare
52321,2000-2001,Uttar Pradesh,9,Varanasi,187,Rapeseed &Mustard,1004.0,Oilseeds,Rabi,689.0,Hectare,689.0,Tonnes,1.0,Tonnes/Hectare
52322,2000-2001,Uttar Pradesh,9,Varanasi,187,Rice,101.0,Cereals,Kharif,50174.0,Hectare,120656.0,Tonnes,2.405,Tonnes/Hectare
52323,2000-2001,Uttar Pradesh,9,Varanasi,187,Sesamum,1003.0,Oilseeds,Kharif,34.0,Hectare,5.0,Tonnes,0.147,Tonnes/Hectare
52324,2000-2001,Uttar Pradesh,9,Varanasi,187,Sugarcane,401.0,Sugar,Whole Year,8717.0,Hectare,282884.0,Tonnes,32.452,Tonnes/Hectare
52325,2000-2001,Uttar Pradesh,9,Varanasi,187,Urad,203.0,Pulses,Kharif,2269.0,Hectare,1584.0,Tonnes,0.698,Tonnes/Hectare
52326,2000-2001,Uttar Pradesh,9,Varanasi,187,Urad,203.0,Pulses,Rabi,1.0,Hectare,0.1,Tonnes,0.1,Tonnes/Hectare
52327,2000-2001,Uttar Pradesh,9,Varanasi,187,Urad,203.0,Pulses,Total,2270.0,Hectare,1584.1,Tonnes,0.698,Tonnes/Hectare
52328,2000-2001,Uttar Pradesh,9,Varanasi,187,Wheat,106.0,Cereals,Rabi,67491.0,Hectare,170635.0,Tonnes,2.528,Tonnes/Hectare
55679,2001-2002,Bihar,10,Purnia,214,Arhar/Tur,202.0,Pulses,Kharif,156.0,Hectare,187.0,Tonnes,1.199,Tonnes/Hectare
55680,2001-2002,Bihar,10,Purnia,214,Banana,606.0,Fruits,Whole Year,2573.0,Hectare,5352.0,Tonnes,2.08,Tonnes/Hectare
55681,2001-2002,Bihar,10,Purnia,214,Barley,107.0,Cereals,Rabi,225.0,Hectare,282.0,Tonnes,1.253,Tonnes/Hectare
55682,2001-2002,Bihar,10,Purnia,214,Coriander,509.0,Spices,Whole Year,40.0,Hectare,22.0,Tonnes,0.55,Tonnes/Hectare
55683,2001-2002,Bihar,10,Purnia,214,Dry Chillies,502.0,Spices,Whole Year,85.0,Hectare,68.0,Tonnes,0.8,Tonnes/Hectare
55684,2001-2002,Bihar,10,Purnia,214,Garlic,508.0,Spices,Whole Year,84.0,Hectare,123.0,Tonnes,1.464,Tonnes/Hectare
55685,2001-2002,Bihar,10,Purnia,214,Ginger,503.0,Spices,Kharif,3.0,Hectare,4.0,Tonnes,1.333,Tonnes/Hectare
55686,2001-2002,Bihar,10,Purnia,214,Gram,201.0,Pulses,Rabi,39.0,Hectare,24.0,Tonnes,0.615,Tonnes/Hectare
55687,2001-2002,Bihar,10,Purnia,214,Horse-Gram,206.0,Pulses,Kharif,1038.0,Hectare,1026.0,Tonnes,0.988,Tonnes/Hectare
55688,2001-2002,Bihar,10,Purnia,214,Jute,1102.0,Fiber Crops,Kharif,20734.0,Hectare,137766.0,Tonnes,6.644,Tonnes/Hectare
55689,2001-2002,Bihar,10,Purnia,214,Khesari,521.0,Spices,Rabi,2393.0,Hectare,1134.0,Tonnes,0.474,Tonnes/Hectare
55690,2001-2002,Bihar,10,Purnia,214,Linseed,1005.0,Oilseeds,Rabi,1090.0,Hectare,337.0,Tonnes,0.309,Tonnes/Hectare
55691,2001-2002,Bihar,10,Purnia,214,Maize,104.0,Cereals,Autumn,10708.0,Hectare,18554.0,Tonnes,1.733,Tonnes/Hectare
55692,2001-2002,Bihar,10,Purnia,214,Maize,104.0,Cereals,Rabi,11327.0,Hectare,29756.0,Tonnes,2.627,Tonnes/Hectare
55693,2001-2002,Bihar,10,Purnia,214,Maize,104.0,Cereals,Summer,17807.0,Hectare,45659.0,Tonnes,2.564,Tonnes/Hectare
55694,2001-2002,Bihar,10,Purnia,214,Maize,104.0,Cereals,Total,39842.0,Hectare,93969.0,Tonnes,2.359,Tonnes/Hectare
55695,2001-2002,Bihar,10,Purnia,214,Masoor,205.0,Pulses,Rabi,3919.0,Hectare,2297.0,Tonnes,0.586,Tonnes/Hectare
55696,2001-2002,Bihar,10,Purnia,214,Mesta,1103.0,Fiber Crops,Kharif,3724.0,Hectare,25468.0,Tonnes,6.839,Tonnes/Hectare
55697,2001-2002,Bihar,10,Purnia,214,Moong(Green Gram),204.0,Pulses,Kharif,3997.0,Hectare,1888.0,Tonnes,0.472,Tonnes/Hectare
55698,2001-2002,Bihar,10,Purnia,214,Onion,708.0,Vegetable,Whole Year,436.0,Hectare,3549.0,Tonnes,8.14,Tonnes/Hectare
55699,2001-2002,Bihar,10,Purnia,214,Other Kharif Pulses,288.0,Pulses,Kharif,215.0,Hectare,125.0,Tonnes,0.581,Tonnes/Hectare
55700,2001-2002,Bihar,10,Purnia,214,Peas & Beans (Pulses),213.0,Pulses,Rabi,777.0,Hectare,788.0,Tonnes,1.014,Tonnes/Hectare
55701,2001-2002,Bihar,10,Purnia,214,Potato,701.0,Vegetable,Whole Year,11866.0,Hectare,94470.0,Tonnes,7.961,Tonnes/Hectare
55702,2001-2002,Bihar,10,Purnia,214,Ragi,105.0,Cereals,Kharif,99.0,Hectare,74.0,Tonnes,0.747,Tonnes/Hectare
55703,2001-2002,Bihar,10,Purnia,214,Rapeseed &Mustard,1004.0,Oilseeds,Rabi,4010.0,Hectare,2434.0,Tonnes,0.607,Tonnes/Hectare
55704,2001-2002,Bihar,10,Purnia,214,Rice,101.0,Cereals,Autumn,77801.0,Hectare,63333.0,Tonnes,0.814,Tonnes/Hectare
55705,2001-2002,Bihar,10,Purnia,214,Rice,101.0,Cereals,Kharif,20748.0,Hectare,43473.0,Tonnes,2.095,Tonnes/Hectare
55706,2001-2002,Bihar,10,Purnia,214,Rice,101.0,Cereals,Summer,21846.0,Hectare,38924.0,Tonnes,1.782,Tonnes/Hectare
55707,2001-2002,Bihar,10,Purnia,214,Rice,101.0,Cereals,Total,120395.0,Hectare,145730.0,Tonnes,1.21,Tonnes/Hectare
55708,2001-2002,Bihar,10,Purnia,214,Small Millets,108.0,Cereals,Kharif,143.0,Hectare,113.0,Tonnes,0.79,Tonnes/Hectare
55709,2001-2002,Bihar,10,Purnia,214,Sugarcane,401.0,Sugar,Whole Year,274.0,Hectare,12694.0,Tonnes,46.328,Tonnes/Hectare
55710,2001-2002,Bihar,10,Purnia,214,Sunflower,1007.0,Oilseeds,Kharif,3208.0,Hectare,3752.0,Tonnes,1.17,Tonnes/Hectare
55711,2001-2002,Bihar,10,Purnia,214,Sweet Potato,703.0,Vegetable,Whole Year,97.0,Hectare,1058.0,Tonnes,10.907,Tonnes/Hectare
55712,2001-2002,Bihar,10,Purnia,214,Tobacco,1302.0,Drugs And Narcotics,Whole Year,10.0,Hectare,12.0,Tonnes,1.2,Tonnes/Hectare
55713,2001-2002,Bihar,10,Purnia,214,Turmeric,504.0,Spices,Whole Year,34.0,Hectare,68.0,Tonnes,2.0,Tonnes/Hectare
55714,2001-2002,Bihar,10,Purnia,214,Urad,203.0,Pulses,Kharif,1499.0,Hectare,960.0,Tonnes,0.64,Tonnes/Hectare
55715,2001-2002,Bihar,10,Purnia,214,Wheat,106.0,Cereals,Rabi,58812.0,Hectare,91884.0,Tonnes,1.562,Tonnes/Hectare
57225,2001-2002,Haryana,6,Gurugram,62,Arhar/Tur,202.0,Pulses,Kharif,1014.0,Hectare,500.0,Tonnes,0.493,Tonnes/Hectare
57226,2001-2002,Haryana,6,Gurugram,62,Bajra,103.0,Cereals,Kharif,55372.0,Hectare,80000.0,Tonnes,1.445,Tonnes/Hectare
57227,2001-2002,Haryana,6,Gurugram,62,Barley,107.0,Cereals,Rabi,2634.0,Hectare,8000.0,Tonnes,3.037,Tonnes/Hectare
57228,2001-2002,Haryana,6,Gurugram,62,Cotton(Lint),1101.0,Fiber Crops,Kharif,183.0,Hectare,,Tonnes,0.0,Tonnes/Hectare
57229,2001-2002,Haryana,6,Gurugram,62,Dry Chillies,502.0,Spices,Whole Year,11.0,Hectare,0.0,Tonnes,0.0,Tonnes/Hectare
57230,2001-2002,Haryana,6,Gurugram,62,Gram,201.0,Pulses,Rabi,1600.0,Hectare,1000.0,Tonnes,0.625,Tonnes/Hectare
57231,2001-2002,Haryana,6,Gurugram,62,Groundnut,1001.0,Oilseeds,Kharif,94.0,Hectare,0.0,Tonnes,0.0,Tonnes/Hectare
57232,2001-2002,Haryana,6,Gurugram,62,Jowar,102.0,Cereals,Kharif,15286.0,Hectare,3000.0,Tonnes,0.196,Tonnes/Hectare
57233,2001-2002,Haryana,6,Gurugram,62,Maize,104.0,Cereals,Kharif,10.0,Hectare,0.0,Tonnes,0.0,Tonnes/Hectare
57234,2001-2002,Haryana,6,Gurugram,62,Masoor,205.0,Pulses,Rabi,1800.0,Hectare,1000.0,Tonnes,0.556,Tonnes/Hectare
57235,2001-2002,Haryana,6,Gurugram,62,Moong(Green Gram),204.0,Pulses,Kharif,50.0,Hectare,0.0,Tonnes,0.0,Tonnes/Hectare
57236,2001-2002,Haryana,6,Gurugram,62,Moth,209.0,Pulses,Kharif,171.0,Hectare,0.0,Tonnes,0.0,Tonnes/Hectare
57237,2001-2002,Haryana,6,Gurugram,62,Onion,708.0,Vegetable,Whole Year,1231.0,Hectare,23400.0,Tonnes,19.009,Tonnes/Hectare
57238,2001-2002,Haryana,6,Gurugram,62,Potato,701.0,Vegetable,Whole Year,16.0,Hectare,400.0,Tonnes,25.0,Tonnes/Hectare
57239,2001-2002,Haryana,6,Gurugram,62,Rapeseed &Mustard,1004.0,Oilseeds,Rabi,57046.0,Hectare,90000.0,Tonnes,1.578,Tonnes/Hectare
57240,2001-2002,Haryana,6,Gurugram,62,Rice,101.0,Cereals,Kharif,7503.0,Hectare,21000.0,Tonnes,2.799,Tonnes/Hectare
57241,2001-2002,Haryana,6,Gurugram,62,Sannhamp,1104.0,Fiber Crops,Whole Year,2.0,Hectare,0.0,Tonnes,0.0,Tonnes/Hectare
57242,2001-2002,Haryana,6,Gurugram,62,Sesamum,1003.0,Oilseeds,Kharif,1806.0,Hectare,400.0,Tonnes,0.221,Tonnes/Hectare
57243,2001-2002,Haryana,6,Gurugram,62,Sugarcane,401.0,Sugar,Whole Year,152.0,Hectare,0.0,Tonnes,0.0,Tonnes/Hectare
57244,2001-2002,Haryana,6,Gurugram,62,Sweet Potato,703.0,Vegetable,Whole Year,12.0,Hectare,0.0,Tonnes,0.0,Tonnes/Hectare
57246,2001-2002,Haryana,6,Gurugram,62,Wheat,106.0,Cereals,Rabi,119914.0,Hectare,417000.0,Tonnes,3.477,Tonnes/Hectare
66677,2001-2002,Uttar Pradesh,9,Varanasi,187,Arhar/Tur,202.0,Pulses,Kharif,3690.0,Hectare,4064.0,Tonnes,1.101,Tonnes/Hectare
66678,2001-2002,Uttar Pradesh,9,Varanasi,187,Bajra,103.0,Cereals,Kharif,4169.0,Hectare,3763.0,Tonnes,0.903,Tonnes/Hectare
66679,2001-2002,Uttar Pradesh,9,Varanasi,187,Barley,107.0,Cereals,Rabi,300.0,Hectare,503.0,Tonnes,1.677,Tonnes/Hectare
66680,2001-2002,Uttar Pradesh,9,Varanasi,187,Gram,201.0,Pulses,Rabi,2892.0,Hectare,3314.0,Tonnes,1.146,Tonnes/Hectare
66681,2001-2002,Uttar Pradesh,9,Varanasi,187,Groundnut,1001.0,Oilseeds,Kharif,1.0,Hectare,1.0,Tonnes,1.0,Tonnes/Hectare
66682,2001-2002,Uttar Pradesh,9,Varanasi,187,Jowar,102.0,Cereals,Kharif,2286.0,Hectare,2105.0,Tonnes,0.921,Tonnes/Hectare
66683,2001-2002,Uttar Pradesh,9,Varanasi,187,Linseed,1005.0,Oilseeds,Rabi,6.0,Hectare,2.0,Tonnes,0.333,Tonnes/Hectare
66684,2001-2002,Uttar Pradesh,9,Varanasi,187,Maize,104.0,Cereals,Kharif,3519.0,Hectare,5627.0,Tonnes,1.599,Tonnes/Hectare
66685,2001-2002,Uttar Pradesh,9,Varanasi,187,Maize,104.0,Cereals,Rabi,5.0,Hectare,8.0,Tonnes,1.6,Tonnes/Hectare
66686,2001-2002,Uttar Pradesh,9,Varanasi,187,Maize,104.0,Cereals,Total,3524.0,Hectare,5635.0,Tonnes,1.599,Tonnes/Hectare
66687,2001-2002,Uttar Pradesh,9,Varanasi,187,Masoor,205.0,Pulses,Rabi,207.0,Hectare,146.0,Tonnes,0.705,Tonnes/Hectare
66688,2001-2002,Uttar Pradesh,9,Varanasi,187,Moong(Green Gram),204.0,Pulses,Kharif,299.0,Hectare,82.0,Tonnes,0.274,Tonnes/Hectare
66689,2001-2002,Uttar Pradesh,9,Varanasi,187,Moong(Green Gram),204.0,Pulses,Rabi,8.0,Hectare,6.0,Tonnes,0.75,Tonnes/Hectare
66690,2001-2002,Uttar Pradesh,9,Varanasi,187,Moong(Green Gram),204.0,Pulses,Total,307.0,Hectare,88.0,Tonnes,0.287,Tonnes/Hectare
66691,2001-2002,Uttar Pradesh,9,Varanasi,187,Moth,209.0,Pulses,Kharif,28.0,Hectare,11.0,Tonnes,0.393,Tonnes/Hectare
66692,2001-2002,Uttar Pradesh,9,Varanasi,187,Peas & Beans (Pulses),213.0,Pulses,Rabi,3035.0,Hectare,2461.0,Tonnes,0.811,Tonnes/Hectare
66693,2001-2002,Uttar Pradesh,9,Varanasi,187,Potato,701.0,Vegetable,Whole Year,3272.0,Hectare,69239.0,Tonnes,21.161,Tonnes/Hectare
66694,2001-2002,Uttar Pradesh,9,Varanasi,187,Rapeseed &Mustard,1004.0,Oilseeds,Rabi,476.0,Hectare,483.0,Tonnes,1.015,Tonnes/Hectare
66695,2001-2002,Uttar Pradesh,9,Varanasi,187,Rice,101.0,Cereals,Kharif,50666.0,Hectare,126909.0,Tonnes,2.505,Tonnes/Hectare
66696,2001-2002,Uttar Pradesh,9,Varanasi,187,Sesamum,1003.0,Oilseeds,Kharif,69.0,Hectare,17.0,Tonnes,0.246,Tonnes/Hectare
66697,2001-2002,Uttar Pradesh,9,Varanasi,187,Small Millets,108.0,Cereals,Kharif,68.0,Hectare,89.0,Tonnes,1.309,Tonnes/Hectare
66698,2001-2002,Uttar Pradesh,9,Varanasi,187,Sugarcane,401.0,Sugar,Whole Year,5044.0,Hectare,216670.0,Tonnes,42.956,Tonnes/Hectare
66699,2001-2002,Uttar Pradesh,9,Varanasi,187,Sunflower,1007.0,Oilseeds,Kharif,12.0,Hectare,23.0,Tonnes,1.917,Tonnes/Hectare
66700,2001-2002,Uttar Pradesh,9,Varanasi,187,Turmeric,504.0,Spices,Whole Year,140.0,Hectare,251.0,Tonnes,1.793,Tonnes/Hectare
66701,2001-2002,Uttar Pradesh,9,Varanasi,187,Urad,203.0,Pulses,Kharif,2032.0,Hectare,1341.0,Tonnes,0.66,Tonnes/Hectare
66702,2001-2002,Uttar Pradesh,9,Varanasi,187,Urad,203.0,Pulses,Rabi,16.0,Hectare,8.0,Tonnes,0.5,Tonnes/Hectare
66703,2001-2002,Uttar Pradesh,9,Varanasi,187,Urad,203.0,Pulses,Total,2048.0,Hectare,1349.0,Tonnes,0.659,Tonnes/Hectare
66704,2001-2002,Uttar Pradesh,9,Varanasi,187,Wheat,106.0,Cereals,Rabi,64746.0,Hectare,165141.0,Tonnes,2.551,Tonnes/Hectare
70400,2002-2003,Bihar,10,Purnia,214,Arhar/Tur,202.0,Pulses,Kharif,157.0,Hectare,322.0,Tonnes,2.051,Tonnes/Hectare
70401,2002-2003,Bihar,10,Purnia,214,Banana,606.0,Fruits,Whole Year,2502.0,Hectare,19466.0,Tonnes,7.78,Tonnes/Hectare
70402,2002-2003,Bihar,10,Purnia,214,Barley,107.0,Cereals,Rabi,10.0,Hectare,12.0,Tonnes,1.2,Tonnes/Hectare
70403,2002-2003,Bihar,10,Purnia,214,Coriander,509.0,Spices,Whole Year,3.0,Hectare,2.0,Tonnes,0.667,Tonnes/Hectare
70404,2002-2003,Bihar,10,Purnia,214,Dry Chillies,502.0,Spices,Whole Year,166.0,Hectare,125.0,Tonnes,0.753,Tonnes/Hectare
70405,2002-2003,Bihar,10,Purnia,214,Garlic,508.0,Spices,Whole Year,67.0,Hectare,99.0,Tonnes,1.478,Tonnes/Hectare
70406,2002-2003,Bihar,10,Purnia,214,Ginger,503.0,Spices,Whole Year,1.0,Hectare,1.0,Tonnes,1.0,Tonnes/Hectare
70407,2002-2003,Bihar,10,Purnia,214,Gram,201.0,Pulses,Rabi,75.0,Hectare,43.0,Tonnes,0.573,Tonnes/Hectare
70408,2002-2003,Bihar,10,Purnia,214,Groundnut,1001.0,Oilseeds,Kharif,73.0,Hectare,36.0,Tonnes,0.493,Tonnes/Hectare
70409,2002-2003,Bihar,10,Purnia,214,Horse-Gram,206.0,Pulses,Kharif,1362.0,Hectare,1084.0,Tonnes,0.796,Tonnes/Hectare
70410,2002-2003,Bihar,10,Purnia,214,Jute,1102.0,Fiber Crops,Kharif,29362.0,Hectare,195910.0,Tonnes,6.672,Tonnes/Hectare
70411,2002-2003,Bihar,10,Purnia,214,Khesari,521.0,Spices,Rabi,1668.0,Hectare,771.0,Tonnes,0.462,Tonnes/Hectare
70412,2002-2003,Bihar,10,Purnia,214,Linseed,1005.0,Oilseeds,Rabi,989.0,Hectare,752.0,Tonnes,0.76,Tonnes/Hectare
70413,2002-2003,Bihar,10,Purnia,214,Maize,104.0,Cereals,Autumn,10609.0,Hectare,19894.0,Tonnes,1.875,Tonnes/Hectare
70414,2002-2003,Bihar,10,Purnia,214,Maize,104.0,Cereals,Rabi,10266.0,Hectare,25603.0,Tonnes,2.494,Tonnes/Hectare
70415,2002-2003,Bihar,10,Purnia,214,Maize,104.0,Cereals,Summer,18214.0,Hectare,39762.0,Tonnes,2.183,Tonnes/Hectare
70416,2002-2003,Bihar,10,Purnia,214,Maize,104.0,Cereals,Total,39089.0,Hectare,85259.0,Tonnes,2.181,Tonnes/Hectare
70417,2002-2003,Bihar,10,Purnia,214,Masoor,205.0,Pulses,Rabi,5377.0,Hectare,4275.0,Tonnes,0.795,Tonnes/Hectare
70418,2002-2003,Bihar,10,Purnia,214,Mesta,1103.0,Fiber Crops,Kharif,4942.0,Hectare,29460.0,Tonnes,5.961,Tonnes/Hectare
70419,2002-2003,Bihar,10,Purnia,214,Moong(Green Gram),204.0,Pulses,Kharif,4156.0,Hectare,2811.0,Tonnes,0.676,Tonnes/Hectare
70420,2002-2003,Bihar,10,Purnia,214,Moong(Green Gram),204.0,Pulses,Summer,12999.0,Hectare,11322.0,Tonnes,0.871,Tonnes/Hectare
70421,2002-2003,Bihar,10,Purnia,214,Moong(Green Gram),204.0,Pulses,Total,17155.0,Hectare,14133.0,Tonnes,0.824,Tonnes/Hectare
70422,2002-2003,Bihar,10,Purnia,214,Onion,708.0,Vegetable,Whole Year,366.0,Hectare,3001.0,Tonnes,8.199,Tonnes/Hectare
70423,2002-2003,Bihar,10,Purnia,214,Other Kharif Pulses,288.0,Pulses,Kharif,149.0,Hectare,82.0,Tonnes,0.55,Tonnes/Hectare
70424,2002-2003,Bihar,10,Purnia,214,Other Rabi Pulses,288.0,Pulses,Rabi,416.0,Hectare,297.0,Tonnes,0.714,Tonnes/Hectare
70425,2002-2003,Bihar,10,Purnia,214,Peas & Beans (Pulses),213.0,Pulses,Rabi,675.0,Hectare,603.0,Tonnes,0.893,Tonnes/Hectare
70426,2002-2003,Bihar,10,Purnia,214,Potato,701.0,Vegetable,Whole Year,9236.0,Hectare,77254.0,Tonnes,8.364,Tonnes/Hectare
70427,2002-2003,Bihar,10,Purnia,214,Ragi,105.0,Cereals,Kharif,31.0,Hectare,26.0,Tonnes,0.839,Tonnes/Hectare
70428,2002-2003,Bihar,10,Purnia,214,Rapeseed &Mustard,1004.0,Oilseeds,Rabi,4067.0,Hectare,3986.0,Tonnes,0.98,Tonnes/Hectare
70429,2002-2003,Bihar,10,Purnia,214,Rice,101.0,Cereals,Autumn,20792.0,Hectare,24332.0,Tonnes,1.17,Tonnes/Hectare
70430,2002-2003,Bihar,10,Purnia,214,Rice,101.0,Cereals,Summer,17486.0,Hectare,25878.0,Tonnes,1.48,Tonnes/Hectare
70431,2002-2003,Bihar,10,Purnia,214,Rice,101.0,Cereals,Total,127367.0,Hectare,145758.0,Tonnes,1.144,Tonnes/Hectare
70432,2002-2003,Bihar,10,Purnia,214,Rice,101.0,Cereals,Winter,89089.0,Hectare,95548.0,Tonnes,1.073,Tonnes/Hectare
70433,2002-2003,Bihar,10,Purnia,214,Sesamum,1003.0,Oilseeds,Kharif,75.0,Hectare,58.0,Tonnes,0.773,Tonnes/Hectare
70434,2002-2003,Bihar,10,Purnia,214,Sugarcane,401.0,Sugar,Whole Year,153.0,Hectare,6141.0,Tonnes,40.137,Tonnes/Hectare
70435,2002-2003,Bihar,10,Purnia,214,Sunflower,1007.0,Oilseeds,Kharif,3280.0,Hectare,4323.0,Tonnes,1.318,Tonnes/Hectare
70436,2002-2003,Bihar,10,Purnia,214,Sweet Potato,703.0,Vegetable,Whole Year,98.0,Hectare,1211.0,Tonnes,12.357,Tonnes/Hectare
70437,2002-2003,Bihar,10,Purnia,214,Turmeric,504.0,Spices,Whole Year,13.0,Hectare,13.0,Tonnes,1.0,Tonnes/Hectare
70438,2002-2003,Bihar,10,Purnia,214,Urad,203.0,Pulses,Kharif,118.0,Hectare,89.0,Tonnes,0.754,Tonnes/Hectare
70439,2002-2003,Bihar,10,Purnia,214,Wheat,106.0,Cereals,Rabi,57017.0,Hectare,84862.0,Tonnes,1.488,Tonnes/Hectare
72004,2002-2003,Haryana,6,Gurugram,62,Arhar/Tur,202.0,Pulses,Kharif,755.0,Hectare,400.0,Tonnes,0.53,Tonnes/Hectare
72005,2002-2003,Haryana,6,Gurugram,62,Bajra,103.0,Cereals,Kharif,44038.0,Hectare,43000.0,Tonnes,0.976,Tonnes/Hectare
72006,2002-2003,Haryana,6,Gurugram,62,Barley,107.0,Cereals,Rabi,3057.0,Hectare,8000.0,Tonnes,2.617,Tonnes/Hectare
72007,2002-2003,Haryana,6,Gurugram,62,Cotton(Lint),1101.0,Fiber Crops,Kharif,207.0,Hectare,0.0,Tonnes,0.0,Tonnes/Hectare
72008,2002-2003,Haryana,6,Gurugram,62,Gram,201.0,Pulses,Rabi,707.0,Hectare,1000.0,Tonnes,1.414,Tonnes/Hectare
72009,2002-2003,Haryana,6,Gurugram,62,Groundnut,1001.0,Oilseeds,Kharif,233.0,Hectare,100.0,Tonnes,0.429,Tonnes/Hectare
72010,2002-2003,Haryana,6,Gurugram,62,Jowar,102.0,Cereals,Kharif,9189.0,Hectare,2000.0,Tonnes,0.218,Tonnes/Hectare
72011,2002-2003,Haryana,6,Gurugram,62,Maize,104.0,Cereals,Kharif,93.0,Hectare,0.0,Tonnes,0.0,Tonnes/Hectare
72012,2002-2003,Haryana,6,Gurugram,62,Masoor,205.0,Pulses,Rabi,91.0,Hectare,0.0,Tonnes,0.0,Tonnes/Hectare
72013,2002-2003,Haryana,6,Gurugram,62,Moong(Green Gram),204.0,Pulses,Kharif,84.0,Hectare,100.0,Tonnes,1.19,Tonnes/Hectare
72014,2002-2003,Haryana,6,Gurugram,62,Onion,708.0,Vegetable,Whole Year,772.0,Hectare,17800.0,Tonnes,23.057,Tonnes/Hectare
72015,2002-2003,Haryana,6,Gurugram,62,Other Fresh Fruits,688.0,Fruits,Whole Year,21.0,Hectare,200.0,Tonnes,9.524,Tonnes/Hectare
72016,2002-2003,Haryana,6,Gurugram,62,Other Vegetables,788.0,Vegetable,Whole Year,3659.0,Hectare,62000.0,Tonnes,16.945,Tonnes/Hectare
72017,2002-2003,Haryana,6,Gurugram,62,Potato,701.0,Vegetable,Whole Year,8.0,Hectare,200.0,Tonnes,25.0,Tonnes/Hectare
72018,2002-2003,Haryana,6,Gurugram,62,Rapeseed &Mustard,1004.0,Oilseeds,Rabi,59622.0,Hectare,75000.0,Tonnes,1.258,Tonnes/Hectare
72019,2002-2003,Haryana,6,Gurugram,62,Rice,101.0,Cereals,Kharif,2639.0,Hectare,8000.0,Tonnes,3.031,Tonnes/Hectare
72020,2002-2003,Haryana,6,Gurugram,62,Sannhamp,1104.0,Fiber Crops,Whole Year,9.0,Hectare,0.0,Tonnes,0.0,Tonnes/Hectare
72021,2002-2003,Haryana,6,Gurugram,62,Sesamum,1003.0,Oilseeds,Kharif,1547.0,Hectare,200.0,Tonnes,0.129,Tonnes/Hectare
72022,2002-2003,Haryana,6,Gurugram,62,Sugarcane,401.0,Sugar,Whole Year,182.0,Hectare,0.0,Tonnes,0.0,Tonnes/Hectare
72023,2002-2003,Haryana,6,Gurugram,62,Sweet Potato,703.0,Vegetable,Whole Year,12.0,Hectare,200.0,Tonnes,16.667,Tonnes/Hectare
72024,2002-2003,Haryana,6,Gurugram,62,Urad,203.0,Pulses,Kharif,45.0,Hectare,0.0,Tonnes,0.0,Tonnes/Hectare
72025,2002-2003,Haryana,6,Gurugram,62,Wheat,106.0,Cereals,Rabi,116705.0,Hectare,431000.0,Tonnes,3.693,Tonnes/Hectare
88254,2003-2004,Bihar,10,Purnia,214,Gram,201.0,Pulses,Rabi,251.0,Hectare,125.0,Tonnes,0.498,Tonnes/Hectare
84401,2002-2003,Uttar Pradesh,9,Varanasi,187,Bajra,103.0,Cereals,Kharif,4758.0,Hectare,4513.0,Tonnes,0.949,Tonnes/Hectare
84402,2002-2003,Uttar Pradesh,9,Varanasi,187,Barley,107.0,Cereals,Rabi,421.0,Hectare,682.0,Tonnes,1.62,Tonnes/Hectare
84403,2002-2003,Uttar Pradesh,9,Varanasi,187,Gram,201.0,Pulses,Rabi,2799.0,Hectare,2444.0,Tonnes,0.873,Tonnes/Hectare
84404,2002-2003,Uttar Pradesh,9,Varanasi,187,Jowar,102.0,Cereals,Kharif,2509.0,Hectare,2197.0,Tonnes,0.876,Tonnes/Hectare
84405,2002-2003,Uttar Pradesh,9,Varanasi,187,Linseed,1005.0,Oilseeds,Rabi,19.0,Hectare,4.0,Tonnes,0.211,Tonnes/Hectare
84406,2002-2003,Uttar Pradesh,9,Varanasi,187,Maize,104.0,Cereals,Kharif,2983.0,Hectare,4454.0,Tonnes,1.493,Tonnes/Hectare
84407,2002-2003,Uttar Pradesh,9,Varanasi,187,Maize,104.0,Cereals,Rabi,8.0,Hectare,9.0,Tonnes,1.125,Tonnes/Hectare
84408,2002-2003,Uttar Pradesh,9,Varanasi,187,Maize,104.0,Cereals,Total,2991.0,Hectare,4463.0,Tonnes,1.492,Tonnes/Hectare
84409,2002-2003,Uttar Pradesh,9,Varanasi,187,Masoor,205.0,Pulses,Rabi,245.0,Hectare,154.0,Tonnes,0.629,Tonnes/Hectare
84410,2002-2003,Uttar Pradesh,9,Varanasi,187,Moong(Green Gram),204.0,Pulses,Kharif,364.0,Hectare,245.0,Tonnes,0.673,Tonnes/Hectare
84411,2002-2003,Uttar Pradesh,9,Varanasi,187,Moong(Green Gram),204.0,Pulses,Summer,3.0,Hectare,2.0,Tonnes,0.667,Tonnes/Hectare
84412,2002-2003,Uttar Pradesh,9,Varanasi,187,Moong(Green Gram),204.0,Pulses,Total,367.0,Hectare,247.0,Tonnes,0.673,Tonnes/Hectare
84413,2002-2003,Uttar Pradesh,9,Varanasi,187,Moth,209.0,Pulses,Kharif,2.0,Hectare,1.0,Tonnes,0.5,Tonnes/Hectare
84414,2002-2003,Uttar Pradesh,9,Varanasi,187,Onion,708.0,Vegetable,Rabi,63.0,Hectare,650.0,Tonnes,10.317,Tonnes/Hectare
84415,2002-2003,Uttar Pradesh,9,Varanasi,187,Onion,708.0,Vegetable,Summer,69.0,Hectare,771.0,Tonnes,11.174,Tonnes/Hectare
84416,2002-2003,Uttar Pradesh,9,Varanasi,187,Onion,708.0,Vegetable,Total,132.0,Hectare,1421.0,Tonnes,10.765,Tonnes/Hectare
84417,2002-2003,Uttar Pradesh,9,Varanasi,187,Peas & Beans (Pulses),213.0,Pulses,Rabi,3092.0,Hectare,3805.0,Tonnes,1.231,Tonnes/Hectare
84418,2002-2003,Uttar Pradesh,9,Varanasi,187,Potato,701.0,Vegetable,Whole Year,3508.0,Hectare,72472.0,Tonnes,20.659,Tonnes/Hectare
84419,2002-2003,Uttar Pradesh,9,Varanasi,187,Rapeseed &Mustard,1004.0,Oilseeds,Rabi,517.0,Hectare,463.0,Tonnes,0.896,Tonnes/Hectare
84420,2002-2003,Uttar Pradesh,9,Varanasi,187,Rice,101.0,Cereals,Kharif,49582.0,Hectare,89166.0,Tonnes,1.798,Tonnes/Hectare
84421,2002-2003,Uttar Pradesh,9,Varanasi,187,Sannhamp,1104.0,Fiber Crops,Whole Year,500.0,Hectare,158.0,Tonnes,0.316,Tonnes/Hectare
84422,2002-2003,Uttar Pradesh,9,Varanasi,187,Sesamum,1003.0,Oilseeds,Kharif,78.0,Hectare,12.0,Tonnes,0.154,Tonnes/Hectare
84423,2002-2003,Uttar Pradesh,9,Varanasi,187,Small Millets,108.0,Cereals,Kharif,15.0,Hectare,9.0,Tonnes,0.6,Tonnes/Hectare
84424,2002-2003,Uttar Pradesh,9,Varanasi,187,Sugarcane,401.0,Sugar,Whole Year,5006.0,Hectare,210492.0,Tonnes,42.048,Tonnes/Hectare
84425,2002-2003,Uttar Pradesh,9,Varanasi,187,Turmeric,504.0,Spices,Whole Year,5.0,Hectare,9.0,Tonnes,1.8,Tonnes/Hectare
84426,2002-2003,Uttar Pradesh,9,Varanasi,187,Urad,203.0,Pulses,Kharif,2053.0,Hectare,801.0,Tonnes,0.39,Tonnes/Hectare
84427,2002-2003,Uttar Pradesh,9,Varanasi,187,Urad,203.0,Pulses,Summer,16.0,Hectare,8.0,Tonnes,0.5,Tonnes/Hectare
84428,2002-2003,Uttar Pradesh,9,Varanasi,187,Urad,203.0,Pulses,Total,2069.0,Hectare,809.0,Tonnes,0.391,Tonnes/Hectare
84429,2002-2003,Uttar Pradesh,9,Varanasi,187,Wheat,106.0,Cereals,Rabi,66918.0,Hectare,142279.0,Tonnes,2.126,Tonnes/Hectare
88247,2003-2004,Bihar,10,Purnia,214,Arhar/Tur,202.0,Pulses,Kharif,7.0,Hectare,8.0,Tonnes,1.143,Tonnes/Hectare
88248,2003-2004,Bihar,10,Purnia,214,Banana,606.0,Fruits,Whole Year,2065.0,Hectare,21765.0,Tonnes,10.54,Tonnes/Hectare
88249,2003-2004,Bihar,10,Purnia,214,Barley,107.0,Cereals,Rabi,10.0,Hectare,11.0,Tonnes,1.1,Tonnes/Hectare
88250,2003-2004,Bihar,10,Purnia,214,Coriander,509.0,Spices,Whole Year,3.0,Hectare,2.0,Tonnes,0.667,Tonnes/Hectare
88251,2003-2004,Bihar,10,Purnia,214,Dry Chillies,502.0,Spices,Whole Year,92.0,Hectare,76.0,Tonnes,0.826,Tonnes/Hectare
88252,2003-2004,Bihar,10,Purnia,214,Garlic,508.0,Spices,Whole Year,79.0,Hectare,119.0,Tonnes,1.506,Tonnes/Hectare
88253,2003-2004,Bihar,10,Purnia,214,Ginger,503.0,Spices,Kharif,3.0,Hectare,5.0,Tonnes,1.667,Tonnes/Hectare
88255,2003-2004,Bihar,10,Purnia,214,Groundnut,1001.0,Oilseeds,Kharif,62.0,Hectare,31.0,Tonnes,0.5,Tonnes/Hectare
88256,2003-2004,Bihar,10,Purnia,214,Horse-Gram,206.0,Pulses,Kharif,1126.0,Hectare,831.0,Tonnes,0.738,Tonnes/Hectare
88257,2003-2004,Bihar,10,Purnia,214,Jute,1102.0,Fiber Crops,Kharif,30825.0,Hectare,219543.0,Tonnes,7.122,Tonnes/Hectare
88258,2003-2004,Bihar,10,Purnia,214,Khesari,521.0,Spices,Rabi,1587.0,Hectare,790.0,Tonnes,0.498,Tonnes/Hectare
88259,2003-2004,Bihar,10,Purnia,214,Linseed,1005.0,Oilseeds,Rabi,1081.0,Hectare,848.0,Tonnes,0.784,Tonnes/Hectare
88260,2003-2004,Bihar,10,Purnia,214,Maize,104.0,Cereals,Kharif,11319.0,Hectare,24395.0,Tonnes,2.155,Tonnes/Hectare
88261,2003-2004,Bihar,10,Purnia,214,Maize,104.0,Cereals,Rabi,11326.0,Hectare,30410.0,Tonnes,2.685,Tonnes/Hectare
88262,2003-2004,Bihar,10,Purnia,214,Maize,104.0,Cereals,Summer,17616.0,Hectare,40942.0,Tonnes,2.324,Tonnes/Hectare
88263,2003-2004,Bihar,10,Purnia,214,Maize,104.0,Cereals,Total,40261.0,Hectare,95747.0,Tonnes,2.378,Tonnes/Hectare
88264,2003-2004,Bihar,10,Purnia,214,Masoor,205.0,Pulses,Rabi,4263.0,Hectare,3027.0,Tonnes,0.71,Tonnes/Hectare
88265,2003-2004,Bihar,10,Purnia,214,Mesta,1103.0,Fiber Crops,Kharif,4254.0,Hectare,29164.0,Tonnes,6.856,Tonnes/Hectare
88266,2003-2004,Bihar,10,Purnia,214,Moong(Green Gram),204.0,Pulses,Kharif,2847.0,Hectare,1253.0,Tonnes,0.44,Tonnes/Hectare
88267,2003-2004,Bihar,10,Purnia,214,Moong(Green Gram),204.0,Pulses,Summer,12078.0,Hectare,10520.0,Tonnes,0.871,Tonnes/Hectare
88268,2003-2004,Bihar,10,Purnia,214,Moong(Green Gram),204.0,Pulses,Total,14925.0,Hectare,11773.0,Tonnes,0.789,Tonnes/Hectare
88269,2003-2004,Bihar,10,Purnia,214,Onion,708.0,Vegetable,Whole Year,98.0,Hectare,904.0,Tonnes,9.224,Tonnes/Hectare
88270,2003-2004,Bihar,10,Purnia,214,Other Rabi Pulses,288.0,Pulses,Rabi,403.0,Hectare,299.0,Tonnes,0.742,Tonnes/Hectare
88271,2003-2004,Bihar,10,Purnia,214,Peas & Beans (Pulses),213.0,Pulses,Rabi,452.0,Hectare,422.0,Tonnes,0.934,Tonnes/Hectare
88272,2003-2004,Bihar,10,Purnia,214,Potato,701.0,Vegetable,Whole Year,9268.0,Hectare,75155.0,Tonnes,8.109,Tonnes/Hectare
88273,2003-2004,Bihar,10,Purnia,214,Ragi,105.0,Cereals,Kharif,22.0,Hectare,5.0,Tonnes,0.227,Tonnes/Hectare
88274,2003-2004,Bihar,10,Purnia,214,Rapeseed &Mustard,1004.0,Oilseeds,Rabi,3043.0,Hectare,3408.0,Tonnes,1.12,Tonnes/Hectare
88275,2003-2004,Bihar,10,Purnia,214,Rice,101.0,Cereals,Autumn,18467.0,Hectare,20512.0,Tonnes,1.111,Tonnes/Hectare
88276,2003-2004,Bihar,10,Purnia,214,Rice,101.0,Cereals,Summer,20481.0,Hectare,28023.0,Tonnes,1.368,Tonnes/Hectare
88277,2003-2004,Bihar,10,Purnia,214,Rice,101.0,Cereals,Total,120397.0,Hectare,188409.0,Tonnes,1.565,Tonnes/Hectare
88278,2003-2004,Bihar,10,Purnia,214,Rice,101.0,Cereals,Winter,81449.0,Hectare,139874.0,Tonnes,1.717,Tonnes/Hectare
88279,2003-2004,Bihar,10,Purnia,214,Sesamum,1003.0,Oilseeds,Kharif,7.0,Hectare,5.0,Tonnes,0.714,Tonnes/Hectare
88280,2003-2004,Bihar,10,Purnia,214,Small Millets,108.0,Cereals,Kharif,442.0,Hectare,328.0,Tonnes,0.742,Tonnes/Hectare
88281,2003-2004,Bihar,10,Purnia,214,Sunflower,1007.0,Oilseeds,Kharif,4276.0,Hectare,6387.0,Tonnes,1.494,Tonnes/Hectare
88282,2003-2004,Bihar,10,Purnia,214,Sweet Potato,703.0,Vegetable,Whole Year,154.0,Hectare,2283.0,Tonnes,14.825,Tonnes/Hectare
88283,2003-2004,Bihar,10,Purnia,214,Tobacco,1302.0,Drugs And Narcotics,Whole Year,14.0,Hectare,16.0,Tonnes,1.143,Tonnes/Hectare
88284,2003-2004,Bihar,10,Purnia,214,Turmeric,504.0,Spices,Whole Year,69.0,Hectare,68.0,Tonnes,0.986,Tonnes/Hectare
88285,2003-2004,Bihar,10,Purnia,214,Urad,203.0,Pulses,Kharif,120.0,Hectare,89.0,Tonnes,0.742,Tonnes/Hectare
88286,2003-2004,Bihar,10,Purnia,214,Wheat,106.0,Cereals,Rabi,58778.0,Hectare,71463.0,Tonnes,1.216,Tonnes/Hectare
89970,2003-2004,Haryana,6,Gurugram,62,Arhar/Tur,202.0,Pulses,Kharif,603.0,Hectare,800.0,Tonnes,1.327,Tonnes/Hectare
89971,2003-2004,Haryana,6,Gurugram,62,Bajra,103.0,Cereals,Kharif,55432.0,Hectare,83000.0,Tonnes,1.497,Tonnes/Hectare
89972,2003-2004,Haryana,6,Gurugram,62,Barley,107.0,Cereals,Rabi,2639.0,Hectare,6000.0,Tonnes,2.274,Tonnes/Hectare
89973,2003-2004,Haryana,6,Gurugram,62,Cotton(Lint),1101.0,Fiber Crops,Kharif,339.0,Hectare,0.0,Tonnes,0.0,Tonnes/Hectare
89974,2003-2004,Haryana,6,Gurugram,62,Dry Chillies,502.0,Spices,Whole Year,15.0,Hectare,0.0,Tonnes,0.0,Tonnes/Hectare
89975,2003-2004,Haryana,6,Gurugram,62,Gram,201.0,Pulses,Rabi,1907.0,Hectare,2000.0,Tonnes,1.049,Tonnes/Hectare
89976,2003-2004,Haryana,6,Gurugram,62,Groundnut,1001.0,Oilseeds,Kharif,250.0,Hectare,100.0,Tonnes,0.4,Tonnes/Hectare
89977,2003-2004,Haryana,6,Gurugram,62,Jowar,102.0,Cereals,Kharif,13283.0,Hectare,3000.0,Tonnes,0.226,Tonnes/Hectare
89978,2003-2004,Haryana,6,Gurugram,62,Maize,104.0,Cereals,Kharif,16.0,Hectare,0.0,Tonnes,0.0,Tonnes/Hectare
89979,2003-2004,Haryana,6,Gurugram,62,Masoor,205.0,Pulses,Rabi,887.0,Hectare,400.0,Tonnes,0.451,Tonnes/Hectare
89980,2003-2004,Haryana,6,Gurugram,62,Moong(Green Gram),204.0,Pulses,Kharif,47.0,Hectare,0.0,Tonnes,0.0,Tonnes/Hectare
89981,2003-2004,Haryana,6,Gurugram,62,Onion,708.0,Vegetable,Whole Year,634.0,Hectare,14600.0,Tonnes,23.028,Tonnes/Hectare
89982,2003-2004,Haryana,6,Gurugram,62,Other Fresh Fruits,688.0,Fruits,Whole Year,47.0,Hectare,600.0,Tonnes,12.766,Tonnes/Hectare
89983,2003-2004,Haryana,6,Gurugram,62,Other Vegetables,788.0,Vegetable,Whole Year,3628.0,Hectare,61200.0,Tonnes,16.869,Tonnes/Hectare
89984,2003-2004,Haryana,6,Gurugram,62,Rapeseed &Mustard,1004.0,Oilseeds,Rabi,51568.0,Hectare,72000.0,Tonnes,1.396,Tonnes/Hectare
89985,2003-2004,Haryana,6,Gurugram,62,Rice,101.0,Cereals,Kharif,7491.0,Hectare,19000.0,Tonnes,2.536,Tonnes/Hectare
89986,2003-2004,Haryana,6,Gurugram,62,Sesamum,1003.0,Oilseeds,Kharif,730.0,Hectare,100.0,Tonnes,0.137,Tonnes/Hectare
89987,2003-2004,Haryana,6,Gurugram,62,Sugarcane,401.0,Sugar,Whole Year,86.0,Hectare,0.0,Tonnes,0.0,Tonnes/Hectare
89988,2003-2004,Haryana,6,Gurugram,62,Sweet Potato,703.0,Vegetable,Whole Year,15.0,Hectare,200.0,Tonnes,13.333,Tonnes/Hectare
89989,2003-2004,Haryana,6,Gurugram,62,Urad,203.0,Pulses,Kharif,9.0,Hectare,0.0,Tonnes,0.0,Tonnes/Hectare
89990,2003-2004,Haryana,6,Gurugram,62,Wheat,106.0,Cereals,Rabi,125675.0,Hectare,450000.0,Tonnes,3.581,Tonnes/Hectare
108071,2004-2005,Haryana,6,Gurugram,62,Gram,201.0,Pulses,Rabi,1013.0,Hectare,1000.0,Tonnes,0.987,Tonnes/Hectare
102911,2003-2004,Uttar Pradesh,9,Varanasi,187,Arhar/Tur,202.0,Pulses,Kharif,4121.0,Hectare,3688.0,Tonnes,0.895,Tonnes/Hectare
102912,2003-2004,Uttar Pradesh,9,Varanasi,187,Bajra,103.0,Cereals,Kharif,4004.0,Hectare,4430.0,Tonnes,1.106,Tonnes/Hectare
102913,2003-2004,Uttar Pradesh,9,Varanasi,187,Barley,107.0,Cereals,Rabi,590.0,Hectare,808.0,Tonnes,1.369,Tonnes/Hectare
102914,2003-2004,Uttar Pradesh,9,Varanasi,187,Gram,201.0,Pulses,Rabi,2710.0,Hectare,4208.0,Tonnes,1.553,Tonnes/Hectare
102915,2003-2004,Uttar Pradesh,9,Varanasi,187,Jowar,102.0,Cereals,Kharif,2077.0,Hectare,1948.0,Tonnes,0.938,Tonnes/Hectare
102916,2003-2004,Uttar Pradesh,9,Varanasi,187,Linseed,1005.0,Oilseeds,Rabi,12.0,Hectare,6.0,Tonnes,0.5,Tonnes/Hectare
102917,2003-2004,Uttar Pradesh,9,Varanasi,187,Maize,104.0,Cereals,Kharif,2984.0,Hectare,5523.0,Tonnes,1.851,Tonnes/Hectare
102918,2003-2004,Uttar Pradesh,9,Varanasi,187,Maize,104.0,Cereals,Rabi,5.0,Hectare,7.0,Tonnes,1.4,Tonnes/Hectare
102919,2003-2004,Uttar Pradesh,9,Varanasi,187,Maize,104.0,Cereals,Summer,11.0,Hectare,15.0,Tonnes,1.364,Tonnes/Hectare
102920,2003-2004,Uttar Pradesh,9,Varanasi,187,Maize,104.0,Cereals,Total,3000.0,Hectare,5545.0,Tonnes,1.848,Tonnes/Hectare
102921,2003-2004,Uttar Pradesh,9,Varanasi,187,Masoor,205.0,Pulses,Rabi,281.0,Hectare,218.0,Tonnes,0.776,Tonnes/Hectare
102922,2003-2004,Uttar Pradesh,9,Varanasi,187,Moong(Green Gram),204.0,Pulses,Kharif,297.0,Hectare,69.0,Tonnes,0.232,Tonnes/Hectare
102923,2003-2004,Uttar Pradesh,9,Varanasi,187,Moong(Green Gram),204.0,Pulses,Summer,21.0,Hectare,13.0,Tonnes,0.619,Tonnes/Hectare
102924,2003-2004,Uttar Pradesh,9,Varanasi,187,Moong(Green Gram),204.0,Pulses,Total,318.0,Hectare,82.0,Tonnes,0.258,Tonnes/Hectare
102925,2003-2004,Uttar Pradesh,9,Varanasi,187,Moth,209.0,Pulses,Kharif,1.0,Hectare,0.0,Tonnes,0.0,Tonnes/Hectare
102926,2003-2004,Uttar Pradesh,9,Varanasi,187,Onion,708.0,Vegetable,Rabi,78.0,Hectare,1120.0,Tonnes,14.359,Tonnes/Hectare
102927,2003-2004,Uttar Pradesh,9,Varanasi,187,Onion,708.0,Vegetable,Summer,99.0,Hectare,814.0,Tonnes,8.222,Tonnes/Hectare
102928,2003-2004,Uttar Pradesh,9,Varanasi,187,Onion,708.0,Vegetable,Total,177.0,Hectare,1934.0,Tonnes,10.927,Tonnes/Hectare
102929,2003-2004,Uttar Pradesh,9,Varanasi,187,Peas & Beans (Pulses),213.0,Pulses,Rabi,2988.0,Hectare,4760.0,Tonnes,1.593,Tonnes/Hectare
102930,2003-2004,Uttar Pradesh,9,Varanasi,187,Potato,701.0,Vegetable,Whole Year,3311.0,Hectare,54499.0,Tonnes,16.46,Tonnes/Hectare
102931,2003-2004,Uttar Pradesh,9,Varanasi,187,Ragi,105.0,Cereals,Rabi,3.0,Hectare,4.0,Tonnes,1.333,Tonnes/Hectare
102932,2003-2004,Uttar Pradesh,9,Varanasi,187,Rapeseed &Mustard,1004.0,Oilseeds,Rabi,516.0,Hectare,514.0,Tonnes,0.996,Tonnes/Hectare
102933,2003-2004,Uttar Pradesh,9,Varanasi,187,Rice,101.0,Cereals,Kharif,50096.0,Hectare,133775.0,Tonnes,2.67,Tonnes/Hectare
102934,2003-2004,Uttar Pradesh,9,Varanasi,187,Sannhamp,1104.0,Fiber Crops,Whole Year,543.0,Hectare,163.0,Tonnes,0.3,Tonnes/Hectare
102935,2003-2004,Uttar Pradesh,9,Varanasi,187,Sesamum,1003.0,Oilseeds,Kharif,82.0,Hectare,11.0,Tonnes,0.134,Tonnes/Hectare
102936,2003-2004,Uttar Pradesh,9,Varanasi,187,Sugarcane,401.0,Sugar,Whole Year,5015.0,Hectare,202927.0,Tonnes,40.464,Tonnes/Hectare
102937,2003-2004,Uttar Pradesh,9,Varanasi,187,Sunflower,1007.0,Oilseeds,Kharif,21.0,Hectare,35.0,Tonnes,1.667,Tonnes/Hectare
102938,2003-2004,Uttar Pradesh,9,Varanasi,187,Urad,203.0,Pulses,Kharif,1893.0,Hectare,790.0,Tonnes,0.417,Tonnes/Hectare
102939,2003-2004,Uttar Pradesh,9,Varanasi,187,Urad,203.0,Pulses,Summer,53.0,Hectare,32.0,Tonnes,0.604,Tonnes/Hectare
102940,2003-2004,Uttar Pradesh,9,Varanasi,187,Urad,203.0,Pulses,Total,1946.0,Hectare,822.0,Tonnes,0.422,Tonnes/Hectare
102941,2003-2004,Uttar Pradesh,9,Varanasi,187,Wheat,106.0,Cereals,Rabi,68777.0,Hectare,178850.0,Tonnes,2.6,Tonnes/Hectare
106335,2004-2005,Bihar,10,Purnia,214,Ginger,503.0,Spices,Total,4.0,Hectare,6.0,Tonnes,1.5,Tonnes/Hectare
106356,2004-2005,Bihar,10,Purnia,214,Ragi,105.0,Cereals,Kharif,100.0,Hectare,86.0,Tonnes,0.86,Tonnes/Hectare
106328,2004-2005,Bihar,10,Purnia,214,Arhar/Tur,202.0,Pulses,Kharif,9.0,Hectare,11.0,Tonnes,1.222,Tonnes/Hectare
106329,2004-2005,Bihar,10,Purnia,214,Banana,606.0,Fruits,Whole Year,1923.0,Hectare,20422.0,Tonnes,10.62,Tonnes/Hectare
106330,2004-2005,Bihar,10,Purnia,214,Barley,107.0,Cereals,Rabi,13.0,Hectare,14.0,Tonnes,1.077,Tonnes/Hectare
106331,2004-2005,Bihar,10,Purnia,214,Coriander,509.0,Spices,Whole Year,9.0,Hectare,6.0,Tonnes,0.667,Tonnes/Hectare
106332,2004-2005,Bihar,10,Purnia,214,Dry Chillies,502.0,Spices,Whole Year,88.0,Hectare,67.0,Tonnes,0.761,Tonnes/Hectare
106333,2004-2005,Bihar,10,Purnia,214,Garlic,508.0,Spices,Whole Year,60.0,Hectare,90.0,Tonnes,1.5,Tonnes/Hectare
106334,2004-2005,Bihar,10,Purnia,214,Ginger,503.0,Spices,Kharif,2.0,Hectare,3.0,Tonnes,1.5,Tonnes/Hectare
106336,2004-2005,Bihar,10,Purnia,214,Ginger,503.0,Spices,Whole Year,2.0,Hectare,3.0,Tonnes,1.5,Tonnes/Hectare
106337,2004-2005,Bihar,10,Purnia,214,Gram,201.0,Pulses,Rabi,374.0,Hectare,312.0,Tonnes,0.834,Tonnes/Hectare
106338,2004-2005,Bihar,10,Purnia,214,Groundnut,1001.0,Oilseeds,Kharif,78.0,Hectare,39.0,Tonnes,0.5,Tonnes/Hectare
106339,2004-2005,Bihar,10,Purnia,214,Horse-Gram,206.0,Pulses,Kharif,703.0,Hectare,695.0,Tonnes,0.989,Tonnes/Hectare
106340,2004-2005,Bihar,10,Purnia,214,Jowar,102.0,Cereals,Kharif,111.0,Hectare,113.0,Tonnes,1.018,Tonnes/Hectare
106341,2004-2005,Bihar,10,Purnia,214,Jute,1102.0,Fiber Crops,Kharif,30490.0,Hectare,248154.0,Tonnes,8.139,Tonnes/Hectare
106342,2004-2005,Bihar,10,Purnia,214,Khesari,521.0,Spices,Rabi,1122.0,Hectare,352.0,Tonnes,0.314,Tonnes/Hectare
106343,2004-2005,Bihar,10,Purnia,214,Linseed,1005.0,Oilseeds,Rabi,1097.0,Hectare,810.0,Tonnes,0.738,Tonnes/Hectare
106344,2004-2005,Bihar,10,Purnia,214,Maize,104.0,Cereals,Kharif,10013.0,Hectare,20488.0,Tonnes,2.046,Tonnes/Hectare
106345,2004-2005,Bihar,10,Purnia,214,Maize,104.0,Cereals,Rabi,10774.0,Hectare,33173.0,Tonnes,3.079,Tonnes/Hectare
106346,2004-2005,Bihar,10,Purnia,214,Maize,104.0,Cereals,Summer,13556.0,Hectare,37216.0,Tonnes,2.745,Tonnes/Hectare
106347,2004-2005,Bihar,10,Purnia,214,Maize,104.0,Cereals,Total,34343.0,Hectare,90877.0,Tonnes,2.646,Tonnes/Hectare
106348,2004-2005,Bihar,10,Purnia,214,Masoor,205.0,Pulses,Rabi,3892.0,Hectare,2055.0,Tonnes,0.528,Tonnes/Hectare
106349,2004-2005,Bihar,10,Purnia,214,Mesta,1103.0,Fiber Crops,Kharif,3348.0,Hectare,30746.0,Tonnes,9.183,Tonnes/Hectare
106350,2004-2005,Bihar,10,Purnia,214,Moong(Green Gram),204.0,Pulses,Kharif,543.0,Hectare,404.0,Tonnes,0.744,Tonnes/Hectare
106351,2004-2005,Bihar,10,Purnia,214,Moong(Green Gram),204.0,Pulses,Summer,12564.0,Hectare,5440.0,Tonnes,0.433,Tonnes/Hectare
106352,2004-2005,Bihar,10,Purnia,214,Moong(Green Gram),204.0,Pulses,Total,13107.0,Hectare,5844.0,Tonnes,0.446,Tonnes/Hectare
106353,2004-2005,Bihar,10,Purnia,214,Onion,708.0,Vegetable,Whole Year,108.0,Hectare,594.0,Tonnes,5.5,Tonnes/Hectare
106354,2004-2005,Bihar,10,Purnia,214,Peas & Beans (Pulses),213.0,Pulses,Rabi,491.0,Hectare,432.0,Tonnes,0.88,Tonnes/Hectare
106355,2004-2005,Bihar,10,Purnia,214,Potato,701.0,Vegetable,Whole Year,9519.0,Hectare,70457.0,Tonnes,7.402,Tonnes/Hectare
106357,2004-2005,Bihar,10,Purnia,214,Rapeseed &Mustard,1004.0,Oilseeds,Rabi,2900.0,Hectare,4165.0,Tonnes,1.436,Tonnes/Hectare
106358,2004-2005,Bihar,10,Purnia,214,Rice,101.0,Cereals,Autumn,17051.0,Hectare,10409.0,Tonnes,0.61,Tonnes/Hectare
106359,2004-2005,Bihar,10,Purnia,214,Rice,101.0,Cereals,Summer,19250.0,Hectare,21959.0,Tonnes,1.141,Tonnes/Hectare
106360,2004-2005,Bihar,10,Purnia,214,Rice,101.0,Cereals,Total,113594.0,Hectare,90812.0,Tonnes,0.799,Tonnes/Hectare
106361,2004-2005,Bihar,10,Purnia,214,Rice,101.0,Cereals,Winter,77293.0,Hectare,58444.0,Tonnes,0.756,Tonnes/Hectare
106362,2004-2005,Bihar,10,Purnia,214,Sesamum,1003.0,Oilseeds,Kharif,40.0,Hectare,30.0,Tonnes,0.75,Tonnes/Hectare
106363,2004-2005,Bihar,10,Purnia,214,Small Millets,108.0,Cereals,Kharif,441.0,Hectare,327.0,Tonnes,0.741,Tonnes/Hectare
106364,2004-2005,Bihar,10,Purnia,214,Sunflower,1007.0,Oilseeds,Kharif,3707.0,Hectare,5157.0,Tonnes,1.391,Tonnes/Hectare
106365,2004-2005,Bihar,10,Purnia,214,Sweet Potato,703.0,Vegetable,Whole Year,186.0,Hectare,2530.0,Tonnes,13.602,Tonnes/Hectare
106366,2004-2005,Bihar,10,Purnia,214,Tobacco,1302.0,Drugs And Narcotics,Whole Year,35.0,Hectare,41.0,Tonnes,1.171,Tonnes/Hectare
106367,2004-2005,Bihar,10,Purnia,214,Turmeric,504.0,Spices,Whole Year,85.0,Hectare,84.0,Tonnes,0.988,Tonnes/Hectare
106368,2004-2005,Bihar,10,Purnia,214,Urad,203.0,Pulses,Kharif,225.0,Hectare,172.0,Tonnes,0.764,Tonnes/Hectare
106369,2004-2005,Bihar,10,Purnia,214,Wheat,106.0,Cereals,Rabi,51855.0,Hectare,59646.0,Tonnes,1.15,Tonnes/Hectare
108066,2004-2005,Haryana,6,Gurugram,62,Arhar/Tur,202.0,Pulses,Kharif,886.0,Hectare,900.0,Tonnes,1.016,Tonnes/Hectare
108067,2004-2005,Haryana,6,Gurugram,62,Bajra,103.0,Cereals,Kharif,51843.0,Hectare,67000.0,Tonnes,1.292,Tonnes/Hectare
108068,2004-2005,Haryana,6,Gurugram,62,Barley,107.0,Cereals,Rabi,1883.0,Hectare,4000.0,Tonnes,2.124,Tonnes/Hectare
108069,2004-2005,Haryana,6,Gurugram,62,Cotton(Lint),1101.0,Fiber Crops,Kharif,196.0,Hectare,,Tonnes,0.0,Tonnes/Hectare
108070,2004-2005,Haryana,6,Gurugram,62,Dry Chillies,502.0,Spices,Whole Year,10.0,Hectare,,Tonnes,0.0,Tonnes/Hectare
108072,2004-2005,Haryana,6,Gurugram,62,Groundnut,1001.0,Oilseeds,Kharif,324.0,Hectare,200.0,Tonnes,0.617,Tonnes/Hectare
108073,2004-2005,Haryana,6,Gurugram,62,Jowar,102.0,Cereals,Kharif,10648.0,Hectare,3000.0,Tonnes,0.282,Tonnes/Hectare
108074,2004-2005,Haryana,6,Gurugram,62,Maize,104.0,Cereals,Kharif,6.0,Hectare,,Tonnes,0.0,Tonnes/Hectare
108075,2004-2005,Haryana,6,Gurugram,62,Masoor,205.0,Pulses,Rabi,864.0,Hectare,400.0,Tonnes,0.463,Tonnes/Hectare
108076,2004-2005,Haryana,6,Gurugram,62,Moong(Green Gram),204.0,Pulses,Kharif,45.0,Hectare,,Tonnes,0.0,Tonnes/Hectare
108077,2004-2005,Haryana,6,Gurugram,62,Onion,708.0,Vegetable,Whole Year,1099.0,Hectare,25300.0,Tonnes,23.021,Tonnes/Hectare
108078,2004-2005,Haryana,6,Gurugram,62,Rapeseed &Mustard,1004.0,Oilseeds,Rabi,63692.0,Hectare,74000.0,Tonnes,1.162,Tonnes/Hectare
108079,2004-2005,Haryana,6,Gurugram,62,Rice,101.0,Cereals,Kharif,6252.0,Hectare,18000.0,Tonnes,2.879,Tonnes/Hectare
108080,2004-2005,Haryana,6,Gurugram,62,Sannhamp,1104.0,Fiber Crops,Whole Year,14.0,Hectare,,Tonnes,0.0,Tonnes/Hectare
108081,2004-2005,Haryana,6,Gurugram,62,Sesamum,1003.0,Oilseeds,Kharif,806.0,Hectare,200.0,Tonnes,0.248,Tonnes/Hectare
108082,2004-2005,Haryana,6,Gurugram,62,Sugarcane,401.0,Sugar,Whole Year,100.0,Hectare,,Tonnes,0.0,Tonnes/Hectare
108083,2004-2005,Haryana,6,Gurugram,62,Sweet Potato,703.0,Vegetable,Whole Year,32.0,Hectare,700.0,Tonnes,21.875,Tonnes/Hectare
108084,2004-2005,Haryana,6,Gurugram,62,Urad,203.0,Pulses,Kharif,14.0,Hectare,,Tonnes,0.0,Tonnes/Hectare
108085,2004-2005,Haryana,6,Gurugram,62,Wheat,106.0,Cereals,Rabi,115478.0,Hectare,407000.0,Tonnes,3.524,Tonnes/Hectare
118335,2004-2005,Uttar Pradesh,9,Varanasi,187,Bajra,103.0,Cereals,Kharif,3538.0,Hectare,3069.0,Tonnes,0.867,Tonnes/Hectare
118336,2004-2005,Uttar Pradesh,9,Varanasi,187,Barley,107.0,Cereals,Rabi,615.0,Hectare,817.0,Tonnes,1.328,Tonnes/Hectare
118337,2004-2005,Uttar Pradesh,9,Varanasi,187,Dry Chillies,502.0,Spices,Whole Year,308.0,Hectare,289.0,Tonnes,0.938,Tonnes/Hectare
118338,2004-2005,Uttar Pradesh,9,Varanasi,187,Gram,201.0,Pulses,Rabi,2382.0,Hectare,2155.0,Tonnes,0.905,Tonnes/Hectare
118339,2004-2005,Uttar Pradesh,9,Varanasi,187,Guar Seed,727.0,Vegetable,Whole Year,54.0,Hectare,46.0,Tonnes,0.852,Tonnes/Hectare
118340,2004-2005,Uttar Pradesh,9,Varanasi,187,Jowar,102.0,Cereals,Kharif,2138.0,Hectare,2721.0,Tonnes,1.273,Tonnes/Hectare
118341,2004-2005,Uttar Pradesh,9,Varanasi,187,Linseed,1005.0,Oilseeds,Rabi,3.0,Hectare,2.0,Tonnes,0.667,Tonnes/Hectare
118342,2004-2005,Uttar Pradesh,9,Varanasi,187,Maize,104.0,Cereals,Kharif,3039.0,Hectare,5130.0,Tonnes,1.688,Tonnes/Hectare
118343,2004-2005,Uttar Pradesh,9,Varanasi,187,Onion,708.0,Vegetable,Whole Year,149.0,Hectare,1669.0,Tonnes,11.201,Tonnes/Hectare
118344,2004-2005,Uttar Pradesh,9,Varanasi,187,Potato,701.0,Vegetable,Rabi,3243.0,Hectare,64156.0,Tonnes,19.783,Tonnes/Hectare
118345,2004-2005,Uttar Pradesh,9,Varanasi,187,Rapeseed &Mustard,1004.0,Oilseeds,Rabi,591.0,Hectare,587.0,Tonnes,0.993,Tonnes/Hectare
118346,2004-2005,Uttar Pradesh,9,Varanasi,187,Rice,101.0,Cereals,Kharif,48948.0,Hectare,28319.0,Tonnes,0.579,Tonnes/Hectare
118347,2004-2005,Uttar Pradesh,9,Varanasi,187,Sannhamp,1104.0,Fiber Crops,Kharif,437.0,Hectare,121.0,Tonnes,0.277,Tonnes/Hectare
118348,2004-2005,Uttar Pradesh,9,Varanasi,187,Sesamum,1003.0,Oilseeds,Kharif,226.0,Hectare,36.0,Tonnes,0.159,Tonnes/Hectare
118349,2004-2005,Uttar Pradesh,9,Varanasi,187,Small Millets,108.0,Cereals,Kharif,9.0,Hectare,4.0,Tonnes,0.444,Tonnes/Hectare
118350,2004-2005,Uttar Pradesh,9,Varanasi,187,Sugarcane,401.0,Sugar,Kharif,4092.0,Hectare,148343.0,Tonnes,36.252,Tonnes/Hectare
118351,2004-2005,Uttar Pradesh,9,Varanasi,187,Sweet Potato,703.0,Vegetable,Whole Year,23.0,Hectare,267.0,Tonnes,11.609,Tonnes/Hectare
118352,2004-2005,Uttar Pradesh,9,Varanasi,187,Turmeric,504.0,Spices,Rabi,2.0,Hectare,3.0,Tonnes,1.5,Tonnes/Hectare
118353,2004-2005,Uttar Pradesh,9,Varanasi,187,Wheat,106.0,Cereals,Rabi,69457.0,Hectare,132019.0,Tonnes,1.901,Tonnes/Hectare
121869,2005-2006,Bihar,10,Purnia,214,Arhar/Tur,202.0,Pulses,Kharif,80.0,Hectare,86.0,Tonnes,1.075,Tonnes/Hectare
121870,2005-2006,Bihar,10,Purnia,214,Banana,606.0,Fruits,Whole Year,1896.0,Hectare,49505.0,Tonnes,26.11,Tonnes/Hectare
121871,2005-2006,Bihar,10,Purnia,214,Barley,107.0,Cereals,Rabi,7.0,Hectare,7.0,Tonnes,1.0,Tonnes/Hectare
121872,2005-2006,Bihar,10,Purnia,214,Coriander,509.0,Spices,Whole Year,3.0,Hectare,2.0,Tonnes,0.667,Tonnes/Hectare
121873,2005-2006,Bihar,10,Purnia,214,Dry Chillies,502.0,Spices,Whole Year,103.0,Hectare,59.0,Tonnes,0.573,Tonnes/Hectare
121874,2005-2006,Bihar,10,Purnia,214,Garlic,508.0,Spices,Whole Year,60.0,Hectare,89.0,Tonnes,1.483,Tonnes/Hectare
121875,2005-2006,Bihar,10,Purnia,214,Ginger,503.0,Spices,Whole Year,1.0,Hectare,2.0,Tonnes,2.0,Tonnes/Hectare
121876,2005-2006,Bihar,10,Purnia,214,Gram,201.0,Pulses,Rabi,1075.0,Hectare,1011.0,Tonnes,0.94,Tonnes/Hectare
121877,2005-2006,Bihar,10,Purnia,214,Groundnut,1001.0,Oilseeds,Kharif,24.0,Hectare,12.0,Tonnes,0.5,Tonnes/Hectare
121878,2005-2006,Bihar,10,Purnia,214,Horse-Gram,206.0,Pulses,Kharif,546.0,Hectare,486.0,Tonnes,0.89,Tonnes/Hectare
121879,2005-2006,Bihar,10,Purnia,214,Jute,1102.0,Fiber Crops,Kharif,24202.0,Hectare,187431.0,Tonnes,7.744,Tonnes/Hectare
121880,2005-2006,Bihar,10,Purnia,214,Khesari,521.0,Spices,Rabi,1258.0,Hectare,774.0,Tonnes,0.615,Tonnes/Hectare
121881,2005-2006,Bihar,10,Purnia,214,Linseed,1005.0,Oilseeds,Rabi,883.0,Hectare,756.0,Tonnes,0.856,Tonnes/Hectare
121882,2005-2006,Bihar,10,Purnia,214,Maize,104.0,Cereals,Kharif,15584.0,Hectare,31267.0,Tonnes,2.006,Tonnes/Hectare
121883,2005-2006,Bihar,10,Purnia,214,Maize,104.0,Cereals,Rabi,11859.0,Hectare,27110.0,Tonnes,2.286,Tonnes/Hectare
121884,2005-2006,Bihar,10,Purnia,214,Maize,104.0,Cereals,Summer,18603.0,Hectare,30936.0,Tonnes,1.663,Tonnes/Hectare
121885,2005-2006,Bihar,10,Purnia,214,Maize,104.0,Cereals,Total,46046.0,Hectare,89313.0,Tonnes,1.94,Tonnes/Hectare
121886,2005-2006,Bihar,10,Purnia,214,Masoor,205.0,Pulses,Rabi,2097.0,Hectare,864.0,Tonnes,0.412,Tonnes/Hectare
121887,2005-2006,Bihar,10,Purnia,214,Mesta,1103.0,Fiber Crops,Kharif,2114.0,Hectare,14281.0,Tonnes,6.755,Tonnes/Hectare
121888,2005-2006,Bihar,10,Purnia,214,Moong(Green Gram),204.0,Pulses,Kharif,457.0,Hectare,299.0,Tonnes,0.654,Tonnes/Hectare
121889,2005-2006,Bihar,10,Purnia,214,Moong(Green Gram),204.0,Pulses,Summer,6294.0,Hectare,1750.0,Tonnes,0.278,Tonnes/Hectare
121890,2005-2006,Bihar,10,Purnia,214,Moong(Green Gram),204.0,Pulses,Total,6751.0,Hectare,2049.0,Tonnes,0.304,Tonnes/Hectare
121891,2005-2006,Bihar,10,Purnia,214,Onion,708.0,Vegetable,Whole Year,276.0,Hectare,1984.0,Tonnes,7.188,Tonnes/Hectare
121892,2005-2006,Bihar,10,Purnia,214,Other Kharif Pulses,288.0,Pulses,Kharif,4.0,Hectare,2.0,Tonnes,0.5,Tonnes/Hectare
121893,2005-2006,Bihar,10,Purnia,214,Peas & Beans (Pulses),213.0,Pulses,Rabi,482.0,Hectare,443.0,Tonnes,0.919,Tonnes/Hectare
121894,2005-2006,Bihar,10,Purnia,214,Potato,701.0,Vegetable,Whole Year,9665.0,Hectare,86120.0,Tonnes,8.911,Tonnes/Hectare
121895,2005-2006,Bihar,10,Purnia,214,Ragi,105.0,Cereals,Kharif,36.0,Hectare,28.0,Tonnes,0.778,Tonnes/Hectare
121896,2005-2006,Bihar,10,Purnia,214,Rapeseed &Mustard,1004.0,Oilseeds,Rabi,3496.0,Hectare,3255.0,Tonnes,0.931,Tonnes/Hectare
121897,2005-2006,Bihar,10,Purnia,214,Rice,101.0,Cereals,Autumn,18128.0,Hectare,16977.0,Tonnes,0.937,Tonnes/Hectare
121898,2005-2006,Bihar,10,Purnia,214,Rice,101.0,Cereals,Summer,21144.0,Hectare,34378.0,Tonnes,1.626,Tonnes/Hectare
121899,2005-2006,Bihar,10,Purnia,214,Rice,101.0,Cereals,Total,120249.0,Hectare,124333.0,Tonnes,1.034,Tonnes/Hectare
121900,2005-2006,Bihar,10,Purnia,214,Rice,101.0,Cereals,Winter,80977.0,Hectare,72978.0,Tonnes,0.901,Tonnes/Hectare
121901,2005-2006,Bihar,10,Purnia,214,Safflower,1008.0,Oilseeds,Rabi,74.0,Hectare,59.0,Tonnes,0.797,Tonnes/Hectare
121902,2005-2006,Bihar,10,Purnia,214,Sesamum,1003.0,Oilseeds,Kharif,8.0,Hectare,6.0,Tonnes,0.75,Tonnes/Hectare
121903,2005-2006,Bihar,10,Purnia,214,Small Millets,108.0,Cereals,Kharif,361.0,Hectare,267.0,Tonnes,0.74,Tonnes/Hectare
121904,2005-2006,Bihar,10,Purnia,214,Sugarcane,401.0,Sugar,Whole Year,2.0,Hectare,82.0,Tonnes,41.0,Tonnes/Hectare
121905,2005-2006,Bihar,10,Purnia,214,Sunflower,1007.0,Oilseeds,Kharif,5050.0,Hectare,6831.0,Tonnes,1.353,Tonnes/Hectare
121906,2005-2006,Bihar,10,Purnia,214,Sweet Potato,703.0,Vegetable,Whole Year,185.0,Hectare,2767.0,Tonnes,14.957,Tonnes/Hectare
121907,2005-2006,Bihar,10,Purnia,214,Tobacco,1302.0,Drugs And Narcotics,Whole Year,60.0,Hectare,69.0,Tonnes,1.15,Tonnes/Hectare
121908,2005-2006,Bihar,10,Purnia,214,Turmeric,504.0,Spices,Whole Year,71.0,Hectare,69.0,Tonnes,0.972,Tonnes/Hectare
121909,2005-2006,Bihar,10,Purnia,214,Urad,203.0,Pulses,Kharif,66.0,Hectare,45.0,Tonnes,0.682,Tonnes/Hectare
121910,2005-2006,Bihar,10,Purnia,214,Wheat,106.0,Cereals,Rabi,46606.0,Hectare,39460.0,Tonnes,0.847,Tonnes/Hectare
123617,2005-2006,Haryana,6,Gurugram,62,Arhar/Tur,202.0,Pulses,Kharif,568.0,Hectare,400.0,Tonnes,0.704,Tonnes/Hectare
123618,2005-2006,Haryana,6,Gurugram,62,Bajra,103.0,Cereals,Kharif,32566.0,Hectare,35000.0,Tonnes,1.075,Tonnes/Hectare
123619,2005-2006,Haryana,6,Gurugram,62,Barley,107.0,Cereals,Rabi,1826.0,Hectare,6000.0,Tonnes,3.286,Tonnes/Hectare
123620,2005-2006,Haryana,6,Gurugram,62,Cotton(Lint),1101.0,Fiber Crops,Kharif,50.0,Hectare,,Tonnes,0.0,Tonnes/Hectare
123621,2005-2006,Haryana,6,Gurugram,62,Dry Chillies,502.0,Spices,Whole Year,103.0,Hectare,100.0,Tonnes,0.971,Tonnes/Hectare
123622,2005-2006,Haryana,6,Gurugram,62,Gram,201.0,Pulses,Rabi,20.0,Hectare,,Tonnes,0.0,Tonnes/Hectare
123623,2005-2006,Haryana,6,Gurugram,62,Groundnut,1001.0,Oilseeds,Kharif,310.0,Hectare,200.0,Tonnes,0.645,Tonnes/Hectare
123624,2005-2006,Haryana,6,Gurugram,62,Jowar,102.0,Cereals,Kharif,1627.0,Hectare,1000.0,Tonnes,0.615,Tonnes/Hectare
123625,2005-2006,Haryana,6,Gurugram,62,Maize,104.0,Cereals,Kharif,5.0,Hectare,,Tonnes,0.0,Tonnes/Hectare
123626,2005-2006,Haryana,6,Gurugram,62,Moong(Green Gram),204.0,Pulses,Kharif,67.0,Hectare,,Tonnes,0.0,Tonnes/Hectare
123627,2005-2006,Haryana,6,Gurugram,62,Onion,708.0,Vegetable,Whole Year,51.0,Hectare,1200.0,Tonnes,23.529,Tonnes/Hectare
123628,2005-2006,Haryana,6,Gurugram,62,Rapeseed &Mustard,1004.0,Oilseeds,Rabi,23713.0,Hectare,30000.0,Tonnes,1.265,Tonnes/Hectare
123629,2005-2006,Haryana,6,Gurugram,62,Rice,101.0,Cereals,Kharif,2197.0,Hectare,6000.0,Tonnes,2.731,Tonnes/Hectare
123630,2005-2006,Haryana,6,Gurugram,62,Sannhamp,1104.0,Fiber Crops,Whole Year,2.0,Hectare,,Tonnes,0.0,Tonnes/Hectare
123631,2005-2006,Haryana,6,Gurugram,62,Sesamum,1003.0,Oilseeds,Kharif,336.0,Hectare,100.0,Tonnes,0.298,Tonnes/Hectare
123632,2005-2006,Haryana,6,Gurugram,62,Sugarcane,401.0,Sugar,Whole Year,11.0,Hectare,,Tonnes,0.0,Tonnes/Hectare
123633,2005-2006,Haryana,6,Gurugram,62,Sweet Potato,703.0,Vegetable,Whole Year,7.0,Hectare,100.0,Tonnes,14.286,Tonnes/Hectare
123634,2005-2006,Haryana,6,Gurugram,62,Wheat,106.0,Cereals,Rabi,47637.0,Hectare,168000.0,Tonnes,3.527,Tonnes/Hectare
152903,2007-2008,Bihar,10,Purnia,214,Masoor,205.0,Pulses,Rabi,2173.0,Hectare,1517.0,Tonnes,0.698,Tonnes/Hectare
152923,2007-2008,Bihar,10,Purnia,214,Urad,203.0,Pulses,Kharif,266.0,Hectare,214.0,Tonnes,0.805,Tonnes/Hectare
133568,2005-2006,Uttar Pradesh,9,Varanasi,187,Bajra,103.0,Cereals,Kharif,4008.0,Hectare,5337.0,Tonnes,1.332,Tonnes/Hectare
133569,2005-2006,Uttar Pradesh,9,Varanasi,187,Barley,107.0,Cereals,Rabi,581.0,Hectare,984.0,Tonnes,1.694,Tonnes/Hectare
133570,2005-2006,Uttar Pradesh,9,Varanasi,187,Coriander,509.0,Spices,Whole Year,24.0,Hectare,14.0,Tonnes,0.583,Tonnes/Hectare
133571,2005-2006,Uttar Pradesh,9,Varanasi,187,Dry Chillies,502.0,Spices,Whole Year,291.0,Hectare,266.0,Tonnes,0.914,Tonnes/Hectare
133572,2005-2006,Uttar Pradesh,9,Varanasi,187,Garlic,508.0,Spices,Whole Year,2.0,Hectare,9.0,Tonnes,4.5,Tonnes/Hectare
133573,2005-2006,Uttar Pradesh,9,Varanasi,187,Gram,201.0,Pulses,Rabi,2722.0,Hectare,2514.0,Tonnes,0.924,Tonnes/Hectare
133574,2005-2006,Uttar Pradesh,9,Varanasi,187,Guar Seed,727.0,Vegetable,Whole Year,52.0,Hectare,42.0,Tonnes,0.808,Tonnes/Hectare
133575,2005-2006,Uttar Pradesh,9,Varanasi,187,Jowar,102.0,Cereals,Kharif,2250.0,Hectare,3259.0,Tonnes,1.448,Tonnes/Hectare
133576,2005-2006,Uttar Pradesh,9,Varanasi,187,Linseed,1005.0,Oilseeds,Rabi,7.0,Hectare,3.0,Tonnes,0.429,Tonnes/Hectare
133577,2005-2006,Uttar Pradesh,9,Varanasi,187,Maize,104.0,Cereals,Kharif,3147.0,Hectare,4598.0,Tonnes,1.461,Tonnes/Hectare
133578,2005-2006,Uttar Pradesh,9,Varanasi,187,Onion,708.0,Vegetable,Whole Year,199.0,Hectare,2560.0,Tonnes,12.864,Tonnes/Hectare
133579,2005-2006,Uttar Pradesh,9,Varanasi,187,Potato,701.0,Vegetable,Rabi,3347.0,Hectare,72481.0,Tonnes,21.656,Tonnes/Hectare
133580,2005-2006,Uttar Pradesh,9,Varanasi,187,Rapeseed &Mustard,1004.0,Oilseeds,Rabi,543.0,Hectare,628.0,Tonnes,1.157,Tonnes/Hectare
133581,2005-2006,Uttar Pradesh,9,Varanasi,187,Rice,101.0,Cereals,Kharif,47369.0,Hectare,72048.0,Tonnes,1.521,Tonnes/Hectare
133582,2005-2006,Uttar Pradesh,9,Varanasi,187,Sannhamp,1104.0,Fiber Crops,Kharif,653.0,Hectare,225.0,Tonnes,0.345,Tonnes/Hectare
133583,2005-2006,Uttar Pradesh,9,Varanasi,187,Sesamum,1003.0,Oilseeds,Kharif,96.0,Hectare,17.0,Tonnes,0.177,Tonnes/Hectare
133584,2005-2006,Uttar Pradesh,9,Varanasi,187,Sugarcane,401.0,Sugar,Kharif,5362.0,Hectare,236293.0,Tonnes,44.068,Tonnes/Hectare
133585,2005-2006,Uttar Pradesh,9,Varanasi,187,Sunflower,1007.0,Oilseeds,Summer,19.0,Hectare,24.0,Tonnes,1.263,Tonnes/Hectare
133586,2005-2006,Uttar Pradesh,9,Varanasi,187,Sweet Potato,703.0,Vegetable,Whole Year,10.0,Hectare,131.0,Tonnes,13.1,Tonnes/Hectare
133587,2005-2006,Uttar Pradesh,9,Varanasi,187,Wheat,106.0,Cereals,Rabi,69323.0,Hectare,148663.0,Tonnes,2.144,Tonnes/Hectare
310304,2016-2017,Bihar,10,Purnia,214,Urad,203.0,Pulses,Kharif,5.0,Hectare,5.0,Tonnes,1.0,Tonnes/Hectare
136812,2006-2007,Bihar,10,Purnia,214,Arhar/Tur,202.0,Pulses,Kharif,64.0,Hectare,79.0,Tonnes,1.234,Tonnes/Hectare
136813,2006-2007,Bihar,10,Purnia,214,Barley,107.0,Cereals,Rabi,18.0,Hectare,19.0,Tonnes,1.056,Tonnes/Hectare
136814,2006-2007,Bihar,10,Purnia,214,Gram,201.0,Pulses,Rabi,350.0,Hectare,333.0,Tonnes,0.951,Tonnes/Hectare
136815,2006-2007,Bihar,10,Purnia,214,Jute,1102.0,Fiber Crops,Kharif,26897.0,Hectare,225337.0,Tonnes,8.378,Tonnes/Hectare
136816,2006-2007,Bihar,10,Purnia,214,Khesari,521.0,Spices,Rabi,1139.0,Hectare,641.0,Tonnes,0.563,Tonnes/Hectare
136817,2006-2007,Bihar,10,Purnia,214,Linseed,1005.0,Oilseeds,Rabi,1020.0,Hectare,866.0,Tonnes,0.849,Tonnes/Hectare
136818,2006-2007,Bihar,10,Purnia,214,Maize,104.0,Cereals,Kharif,13795.0,Hectare,38097.0,Tonnes,2.762,Tonnes/Hectare
136819,2006-2007,Bihar,10,Purnia,214,Maize,104.0,Cereals,Rabi,11399.0,Hectare,25750.0,Tonnes,2.259,Tonnes/Hectare
136820,2006-2007,Bihar,10,Purnia,214,Maize,104.0,Cereals,Summer,17774.0,Hectare,86824.0,Tonnes,4.885,Tonnes/Hectare
136821,2006-2007,Bihar,10,Purnia,214,Maize,104.0,Cereals,Total,42968.0,Hectare,150671.0,Tonnes,3.507,Tonnes/Hectare
136822,2006-2007,Bihar,10,Purnia,214,Masoor,205.0,Pulses,Rabi,1942.0,Hectare,1138.0,Tonnes,0.586,Tonnes/Hectare
136823,2006-2007,Bihar,10,Purnia,214,Mesta,1103.0,Fiber Crops,Kharif,3314.0,Hectare,21872.0,Tonnes,6.6,Tonnes/Hectare
136824,2006-2007,Bihar,10,Purnia,214,Moong(Green Gram),204.0,Pulses,Kharif,575.0,Hectare,283.0,Tonnes,0.492,Tonnes/Hectare
136825,2006-2007,Bihar,10,Purnia,214,Moong(Green Gram),204.0,Pulses,Summer,9717.0,Hectare,3372.0,Tonnes,0.347,Tonnes/Hectare
136826,2006-2007,Bihar,10,Purnia,214,Moong(Green Gram),204.0,Pulses,Total,10292.0,Hectare,3655.0,Tonnes,0.355,Tonnes/Hectare
136827,2006-2007,Bihar,10,Purnia,214,Peas & Beans (Pulses),213.0,Pulses,Rabi,475.0,Hectare,442.0,Tonnes,0.931,Tonnes/Hectare
136828,2006-2007,Bihar,10,Purnia,214,Ragi,105.0,Cereals,Kharif,53.0,Hectare,32.0,Tonnes,0.604,Tonnes/Hectare
136829,2006-2007,Bihar,10,Purnia,214,Rapeseed &Mustard,1004.0,Oilseeds,Rabi,3146.0,Hectare,3234.0,Tonnes,1.028,Tonnes/Hectare
136830,2006-2007,Bihar,10,Purnia,214,Rice,101.0,Cereals,Autumn,15085.0,Hectare,11359.0,Tonnes,0.753,Tonnes/Hectare
136831,2006-2007,Bihar,10,Purnia,214,Rice,101.0,Cereals,Summer,20552.0,Hectare,36418.0,Tonnes,1.772,Tonnes/Hectare
136832,2006-2007,Bihar,10,Purnia,214,Rice,101.0,Cereals,Total,123851.0,Hectare,118237.0,Tonnes,0.955,Tonnes/Hectare
136833,2006-2007,Bihar,10,Purnia,214,Rice,101.0,Cereals,Winter,88214.0,Hectare,70460.0,Tonnes,0.799,Tonnes/Hectare
136834,2006-2007,Bihar,10,Purnia,214,Sesamum,1003.0,Oilseeds,Kharif,7.0,Hectare,5.0,Tonnes,0.714,Tonnes/Hectare
136835,2006-2007,Bihar,10,Purnia,214,Sunflower,1007.0,Oilseeds,Rabi,5112.0,Hectare,6894.0,Tonnes,1.349,Tonnes/Hectare
136836,2006-2007,Bihar,10,Purnia,214,Urad,203.0,Pulses,Kharif,837.0,Hectare,651.0,Tonnes,0.778,Tonnes/Hectare
136837,2006-2007,Bihar,10,Purnia,214,Wheat,106.0,Cereals,Rabi,46296.0,Hectare,62224.0,Tonnes,1.344,Tonnes/Hectare
138511,2006-2007,Haryana,6,Gurugram,62,Arhar/Tur,202.0,Pulses,Kharif,446.0,Hectare,300.0,Tonnes,0.673,Tonnes/Hectare
138512,2006-2007,Haryana,6,Gurugram,62,Bajra,103.0,Cereals,Kharif,32795.0,Hectare,60000.0,Tonnes,1.83,Tonnes/Hectare
138513,2006-2007,Haryana,6,Gurugram,62,Barley,107.0,Cereals,Rabi,1898.0,Hectare,5000.0,Tonnes,2.634,Tonnes/Hectare
138514,2006-2007,Haryana,6,Gurugram,62,Cotton(Lint),1101.0,Fiber Crops,Kharif,48.0,Hectare,,Tonnes,0.0,Tonnes/Hectare
138515,2006-2007,Haryana,6,Gurugram,62,Dry Chillies,502.0,Spices,Whole Year,7.0,Hectare,,Tonnes,0.0,Tonnes/Hectare
138516,2006-2007,Haryana,6,Gurugram,62,Gram,201.0,Pulses,Rabi,10.0,Hectare,,Tonnes,0.0,Tonnes/Hectare
138517,2006-2007,Haryana,6,Gurugram,62,Groundnut,1001.0,Oilseeds,Kharif,59.0,Hectare,,Tonnes,0.0,Tonnes/Hectare
138518,2006-2007,Haryana,6,Gurugram,62,Jowar,102.0,Cereals,Kharif,1500.0,Hectare,1000.0,Tonnes,0.667,Tonnes/Hectare
138519,2006-2007,Haryana,6,Gurugram,62,Maize,104.0,Cereals,Kharif,5.0,Hectare,,Tonnes,0.0,Tonnes/Hectare
138520,2006-2007,Haryana,6,Gurugram,62,Moong(Green Gram),204.0,Pulses,Kharif,8.0,Hectare,,Tonnes,0.0,Tonnes/Hectare
138521,2006-2007,Haryana,6,Gurugram,62,Onion,708.0,Vegetable,Whole Year,38.0,Hectare,700.0,Tonnes,18.421,Tonnes/Hectare
138522,2006-2007,Haryana,6,Gurugram,62,Potato,701.0,Vegetable,Whole Year,2.0,Hectare,,Tonnes,0.0,Tonnes/Hectare
138523,2006-2007,Haryana,6,Gurugram,62,Rapeseed &Mustard,1004.0,Oilseeds,Rabi,19566.0,Hectare,24000.0,Tonnes,1.227,Tonnes/Hectare
138524,2006-2007,Haryana,6,Gurugram,62,Rice,101.0,Cereals,Kharif,2322.0,Hectare,6000.0,Tonnes,2.584,Tonnes/Hectare
138525,2006-2007,Haryana,6,Gurugram,62,Sesamum,1003.0,Oilseeds,Kharif,471.0,Hectare,100.0,Tonnes,0.212,Tonnes/Hectare
138526,2006-2007,Haryana,6,Gurugram,62,Sugarcane,401.0,Sugar,Whole Year,6.0,Hectare,,Tonnes,0.0,Tonnes/Hectare
138527,2006-2007,Haryana,6,Gurugram,62,Sweet Potato,703.0,Vegetable,Whole Year,7.0,Hectare,200.0,Tonnes,28.571,Tonnes/Hectare
138528,2006-2007,Haryana,6,Gurugram,62,Wheat,106.0,Cereals,Rabi,52464.0,Hectare,206000.0,Tonnes,3.927,Tonnes/Hectare
149591,2006-2007,Uttar Pradesh,9,Varanasi,187,Arhar/Tur,202.0,Pulses,Kharif,1278.0,Hectare,984.0,Tonnes,0.77,Tonnes/Hectare
149592,2006-2007,Uttar Pradesh,9,Varanasi,187,Bajra,103.0,Cereals,Kharif,2455.0,Hectare,3262.0,Tonnes,1.329,Tonnes/Hectare
149593,2006-2007,Uttar Pradesh,9,Varanasi,187,Barley,107.0,Cereals,Rabi,267.0,Hectare,425.0,Tonnes,1.592,Tonnes/Hectare
149594,2006-2007,Uttar Pradesh,9,Varanasi,187,Coriander,509.0,Spices,Whole Year,51.0,Hectare,27.0,Tonnes,0.529,Tonnes/Hectare
149595,2006-2007,Uttar Pradesh,9,Varanasi,187,Dry Chillies,502.0,Spices,Whole Year,273.0,Hectare,259.0,Tonnes,0.949,Tonnes/Hectare
149596,2006-2007,Uttar Pradesh,9,Varanasi,187,Garlic,508.0,Spices,Rabi,78.0,Hectare,343.0,Tonnes,4.397,Tonnes/Hectare
149597,2006-2007,Uttar Pradesh,9,Varanasi,187,Gram,201.0,Pulses,Rabi,2210.0,Hectare,1908.0,Tonnes,0.863,Tonnes/Hectare
149598,2006-2007,Uttar Pradesh,9,Varanasi,187,Guar Seed,727.0,Vegetable,Whole Year,52.0,Hectare,44.0,Tonnes,0.846,Tonnes/Hectare
149599,2006-2007,Uttar Pradesh,9,Varanasi,187,Jowar,102.0,Cereals,Kharif,1661.0,Hectare,2221.0,Tonnes,1.337,Tonnes/Hectare
149600,2006-2007,Uttar Pradesh,9,Varanasi,187,Maize,104.0,Cereals,Kharif,8331.0,Hectare,11005.0,Tonnes,1.321,Tonnes/Hectare
149601,2006-2007,Uttar Pradesh,9,Varanasi,187,Maize,104.0,Cereals,Summer,23.0,Hectare,31.0,Tonnes,1.348,Tonnes/Hectare
149602,2006-2007,Uttar Pradesh,9,Varanasi,187,Maize,104.0,Cereals,Total,8354.0,Hectare,11036.0,Tonnes,1.321,Tonnes/Hectare
149603,2006-2007,Uttar Pradesh,9,Varanasi,187,Masoor,205.0,Pulses,Rabi,172.0,Hectare,133.0,Tonnes,0.773,Tonnes/Hectare
149604,2006-2007,Uttar Pradesh,9,Varanasi,187,Onion,708.0,Vegetable,Rabi,90.0,Hectare,1726.0,Tonnes,19.178,Tonnes/Hectare
149605,2006-2007,Uttar Pradesh,9,Varanasi,187,Onion,708.0,Vegetable,Summer,85.0,Hectare,990.0,Tonnes,11.647,Tonnes/Hectare
149606,2006-2007,Uttar Pradesh,9,Varanasi,187,Onion,708.0,Vegetable,Total,175.0,Hectare,2716.0,Tonnes,15.52,Tonnes/Hectare
149607,2006-2007,Uttar Pradesh,9,Varanasi,187,Other Kharif Pulses,288.0,Pulses,Kharif,1291.0,Hectare,802.0,Tonnes,0.621,Tonnes/Hectare
149608,2006-2007,Uttar Pradesh,9,Varanasi,187,Other Rabi Pulses,288.0,Pulses,Rabi,2638.0,Hectare,2820.0,Tonnes,1.069,Tonnes/Hectare
149609,2006-2007,Uttar Pradesh,9,Varanasi,187,Potato,701.0,Vegetable,Rabi,2986.0,Hectare,58021.0,Tonnes,19.431,Tonnes/Hectare
149610,2006-2007,Uttar Pradesh,9,Varanasi,187,Rapeseed &Mustard,1004.0,Oilseeds,Rabi,560.0,Hectare,576.0,Tonnes,1.029,Tonnes/Hectare
149611,2006-2007,Uttar Pradesh,9,Varanasi,187,Rice,101.0,Cereals,Kharif,60959.0,Hectare,95645.0,Tonnes,1.569,Tonnes/Hectare
149612,2006-2007,Uttar Pradesh,9,Varanasi,187,Sannhamp,1104.0,Fiber Crops,Kharif,444.0,Hectare,123.0,Tonnes,0.277,Tonnes/Hectare
149613,2006-2007,Uttar Pradesh,9,Varanasi,187,Sesamum,1003.0,Oilseeds,Kharif,55.0,Hectare,9.0,Tonnes,0.164,Tonnes/Hectare
149614,2006-2007,Uttar Pradesh,9,Varanasi,187,Sugarcane,401.0,Sugar,Kharif,4818.0,Hectare,199812.0,Tonnes,41.472,Tonnes/Hectare
149615,2006-2007,Uttar Pradesh,9,Varanasi,187,Sweet Potato,703.0,Vegetable,Kharif,18.0,Hectare,246.0,Tonnes,13.667,Tonnes/Hectare
149616,2006-2007,Uttar Pradesh,9,Varanasi,187,Turmeric,504.0,Spices,Rabi,2.0,Hectare,7.0,Tonnes,3.5,Tonnes/Hectare
149617,2006-2007,Uttar Pradesh,9,Varanasi,187,Wheat,106.0,Cereals,Rabi,69702.0,Hectare,176671.0,Tonnes,2.535,Tonnes/Hectare
152890,2007-2008,Bihar,10,Purnia,214,Arhar/Tur,202.0,Pulses,Kharif,118.0,Hectare,125.0,Tonnes,1.059,Tonnes/Hectare
152891,2007-2008,Bihar,10,Purnia,214,Banana,606.0,Fruits,Whole Year,1712.0,Hectare,31449.0,Tonnes,18.37,Tonnes/Hectare
152892,2007-2008,Bihar,10,Purnia,214,Coriander,509.0,Spices,Whole Year,5.0,Hectare,4.0,Tonnes,0.8,Tonnes/Hectare
152893,2007-2008,Bihar,10,Purnia,214,Dry Chillies,502.0,Spices,Whole Year,37.0,Hectare,21.0,Tonnes,0.568,Tonnes/Hectare
152894,2007-2008,Bihar,10,Purnia,214,Garlic,508.0,Spices,Whole Year,35.0,Hectare,50.0,Tonnes,1.429,Tonnes/Hectare
152895,2007-2008,Bihar,10,Purnia,214,Gram,201.0,Pulses,Rabi,231.0,Hectare,223.0,Tonnes,0.965,Tonnes/Hectare
152896,2007-2008,Bihar,10,Purnia,214,Jute,1102.0,Fiber Crops,Kharif,26418.0,Hectare,252585.0,Tonnes,9.561,Tonnes/Hectare
152897,2007-2008,Bihar,10,Purnia,214,Khesari,521.0,Spices,Rabi,1126.0,Hectare,756.0,Tonnes,0.671,Tonnes/Hectare
152898,2007-2008,Bihar,10,Purnia,214,Linseed,1005.0,Oilseeds,Rabi,560.0,Hectare,444.0,Tonnes,0.793,Tonnes/Hectare
152899,2007-2008,Bihar,10,Purnia,214,Maize,104.0,Cereals,Autumn,11811.0,Hectare,36953.0,Tonnes,3.129,Tonnes/Hectare
152900,2007-2008,Bihar,10,Purnia,214,Maize,104.0,Cereals,Rabi,11123.0,Hectare,15127.0,Tonnes,1.36,Tonnes/Hectare
152901,2007-2008,Bihar,10,Purnia,214,Maize,104.0,Cereals,Summer,17235.0,Hectare,77404.0,Tonnes,4.491,Tonnes/Hectare
152902,2007-2008,Bihar,10,Purnia,214,Maize,104.0,Cereals,Total,40169.0,Hectare,129484.0,Tonnes,3.223,Tonnes/Hectare
152904,2007-2008,Bihar,10,Purnia,214,Mesta,1103.0,Fiber Crops,Kharif,2564.0,Hectare,18959.0,Tonnes,7.394,Tonnes/Hectare
152905,2007-2008,Bihar,10,Purnia,214,Moong(Green Gram),204.0,Pulses,Kharif,370.0,Hectare,184.0,Tonnes,0.497,Tonnes/Hectare
152906,2007-2008,Bihar,10,Purnia,214,Moong(Green Gram),204.0,Pulses,Summer,6069.0,Hectare,7343.0,Tonnes,1.21,Tonnes/Hectare
152907,2007-2008,Bihar,10,Purnia,214,Moong(Green Gram),204.0,Pulses,Total,6439.0,Hectare,7527.0,Tonnes,1.169,Tonnes/Hectare
152908,2007-2008,Bihar,10,Purnia,214,Onion,708.0,Vegetable,Whole Year,204.0,Hectare,1893.0,Tonnes,9.279,Tonnes/Hectare
152909,2007-2008,Bihar,10,Purnia,214,Other Kharif Pulses,288.0,Pulses,Kharif,206.0,Hectare,143.0,Tonnes,0.694,Tonnes/Hectare
152910,2007-2008,Bihar,10,Purnia,214,Peas & Beans (Pulses),213.0,Pulses,Rabi,176.0,Hectare,304.0,Tonnes,1.727,Tonnes/Hectare
152911,2007-2008,Bihar,10,Purnia,214,Potato,701.0,Vegetable,Whole Year,11072.0,Hectare,60930.0,Tonnes,5.503,Tonnes/Hectare
152912,2007-2008,Bihar,10,Purnia,214,Rapeseed &Mustard,1004.0,Oilseeds,Rabi,3859.0,Hectare,5075.0,Tonnes,1.315,Tonnes/Hectare
152913,2007-2008,Bihar,10,Purnia,214,Rice,101.0,Cereals,Autumn,14324.0,Hectare,9249.0,Tonnes,0.646,Tonnes/Hectare
152914,2007-2008,Bihar,10,Purnia,214,Rice,101.0,Cereals,Summer,18529.0,Hectare,33267.0,Tonnes,1.795,Tonnes/Hectare
152915,2007-2008,Bihar,10,Purnia,214,Rice,101.0,Cereals,Total,116562.0,Hectare,115238.0,Tonnes,0.989,Tonnes/Hectare
152916,2007-2008,Bihar,10,Purnia,214,Rice,101.0,Cereals,Winter,83709.0,Hectare,72722.0,Tonnes,0.869,Tonnes/Hectare
152917,2007-2008,Bihar,10,Purnia,214,Sesamum,1003.0,Oilseeds,Kharif,7.0,Hectare,7.0,Tonnes,1.0,Tonnes/Hectare
152918,2007-2008,Bihar,10,Purnia,214,Small Millets,108.0,Cereals,Kharif,235.0,Hectare,169.0,Tonnes,0.719,Tonnes/Hectare
152919,2007-2008,Bihar,10,Purnia,214,Sunflower,1007.0,Oilseeds,Rabi,3441.0,Hectare,4711.0,Tonnes,1.369,Tonnes/Hectare
152920,2007-2008,Bihar,10,Purnia,214,Sweet Potato,703.0,Vegetable,Whole Year,208.0,Hectare,2770.0,Tonnes,13.317,Tonnes/Hectare
152921,2007-2008,Bihar,10,Purnia,214,Tobacco,1302.0,Drugs And Narcotics,Whole Year,51.0,Hectare,86.0,Tonnes,1.686,Tonnes/Hectare
152922,2007-2008,Bihar,10,Purnia,214,Turmeric,504.0,Spices,Whole Year,53.0,Hectare,50.0,Tonnes,0.943,Tonnes/Hectare
152924,2007-2008,Bihar,10,Purnia,214,Wheat,106.0,Cereals,Rabi,42029.0,Hectare,67018.0,Tonnes,1.595,Tonnes/Hectare
154704,2007-2008,Haryana,6,Gurugram,62,Arhar/Tur,202.0,Pulses,Kharif,520.0,Hectare,500.0,Tonnes,0.962,Tonnes/Hectare
154705,2007-2008,Haryana,6,Gurugram,62,Bajra,103.0,Cereals,Kharif,33654.0,Hectare,62000.0,Tonnes,1.842,Tonnes/Hectare
154706,2007-2008,Haryana,6,Gurugram,62,Barley,107.0,Cereals,Rabi,1274.0,Hectare,3000.0,Tonnes,2.355,Tonnes/Hectare
154707,2007-2008,Haryana,6,Gurugram,62,Cotton(Lint),1101.0,Fiber Crops,Kharif,5.0,Hectare,,Tonnes,0.0,Tonnes/Hectare
154708,2007-2008,Haryana,6,Gurugram,62,Gram,201.0,Pulses,Rabi,3.0,Hectare,,Tonnes,0.0,Tonnes/Hectare
154709,2007-2008,Haryana,6,Gurugram,62,Groundnut,1001.0,Oilseeds,Kharif,214.0,Hectare,100.0,Tonnes,0.467,Tonnes/Hectare
154710,2007-2008,Haryana,6,Gurugram,62,Jowar,102.0,Cereals,Kharif,1107.0,Hectare,500.0,Tonnes,0.452,Tonnes/Hectare
154711,2007-2008,Haryana,6,Gurugram,62,Maize,104.0,Cereals,Kharif,9.0,Hectare,,Tonnes,0.0,Tonnes/Hectare
154712,2007-2008,Haryana,6,Gurugram,62,Moong(Green Gram),204.0,Pulses,Kharif,6.0,Hectare,,Tonnes,0.0,Tonnes/Hectare
154713,2007-2008,Haryana,6,Gurugram,62,Onion,708.0,Vegetable,Whole Year,1.0,Hectare,,Tonnes,0.0,Tonnes/Hectare
154714,2007-2008,Haryana,6,Gurugram,62,Rapeseed &Mustard,1004.0,Oilseeds,Rabi,15575.0,Hectare,20000.0,Tonnes,1.284,Tonnes/Hectare
154715,2007-2008,Haryana,6,Gurugram,62,Rice,101.0,Cereals,Kharif,2615.0,Hectare,10000.0,Tonnes,3.824,Tonnes/Hectare
154716,2007-2008,Haryana,6,Gurugram,62,Sesamum,1003.0,Oilseeds,Kharif,229.0,Hectare,100.0,Tonnes,0.437,Tonnes/Hectare
154717,2007-2008,Haryana,6,Gurugram,62,Sugarcane,401.0,Sugar,Whole Year,15.0,Hectare,,Tonnes,0.0,Tonnes/Hectare
154718,2007-2008,Haryana,6,Gurugram,62,Sweet Potato,703.0,Vegetable,Whole Year,50.0,Hectare,1000.0,Tonnes,20.0,Tonnes/Hectare
154719,2007-2008,Haryana,6,Gurugram,62,Wheat,106.0,Cereals,Rabi,51105.0,Hectare,200000.0,Tonnes,3.914,Tonnes/Hectare
165546,2007-2008,Uttar Pradesh,9,Varanasi,187,Arhar/Tur,202.0,Pulses,Kharif,4233.0,Hectare,3909.0,Tonnes,0.923,Tonnes/Hectare
165547,2007-2008,Uttar Pradesh,9,Varanasi,187,Bajra,103.0,Cereals,Kharif,4497.0,Hectare,4847.0,Tonnes,1.078,Tonnes/Hectare
165548,2007-2008,Uttar Pradesh,9,Varanasi,187,Barley,107.0,Cereals,Rabi,219.0,Hectare,412.0,Tonnes,1.881,Tonnes/Hectare
165549,2007-2008,Uttar Pradesh,9,Varanasi,187,Coriander,509.0,Spices,Rabi,44.0,Hectare,25.0,Tonnes,0.568,Tonnes/Hectare
165550,2007-2008,Uttar Pradesh,9,Varanasi,187,Dry Chillies,502.0,Spices,Kharif,283.0,Hectare,273.0,Tonnes,0.965,Tonnes/Hectare
165551,2007-2008,Uttar Pradesh,9,Varanasi,187,Gram,201.0,Pulses,Rabi,2819.0,Hectare,2369.0,Tonnes,0.84,Tonnes/Hectare
165552,2007-2008,Uttar Pradesh,9,Varanasi,187,Guar Seed,727.0,Vegetable,Kharif,53.0,Hectare,44.0,Tonnes,0.83,Tonnes/Hectare
165553,2007-2008,Uttar Pradesh,9,Varanasi,187,Jowar,102.0,Cereals,Kharif,2377.0,Hectare,2903.0,Tonnes,1.221,Tonnes/Hectare
165554,2007-2008,Uttar Pradesh,9,Varanasi,187,Maize,104.0,Cereals,Kharif,2870.0,Hectare,4033.0,Tonnes,1.405,Tonnes/Hectare
165555,2007-2008,Uttar Pradesh,9,Varanasi,187,Maize,104.0,Cereals,Rabi,38.0,Hectare,106.0,Tonnes,2.789,Tonnes/Hectare
165556,2007-2008,Uttar Pradesh,9,Varanasi,187,Maize,104.0,Cereals,Summer,36.0,Hectare,52.0,Tonnes,1.444,Tonnes/Hectare
165557,2007-2008,Uttar Pradesh,9,Varanasi,187,Maize,104.0,Cereals,Total,2944.0,Hectare,4191.0,Tonnes,1.424,Tonnes/Hectare
165558,2007-2008,Uttar Pradesh,9,Varanasi,187,Masoor,205.0,Pulses,Rabi,148.0,Hectare,134.0,Tonnes,0.905,Tonnes/Hectare
165559,2007-2008,Uttar Pradesh,9,Varanasi,187,Moong(Green Gram),204.0,Pulses,Kharif,191.0,Hectare,38.0,Tonnes,0.199,Tonnes/Hectare
165560,2007-2008,Uttar Pradesh,9,Varanasi,187,Moong(Green Gram),204.0,Pulses,Summer,62.0,Hectare,34.0,Tonnes,0.548,Tonnes/Hectare
165561,2007-2008,Uttar Pradesh,9,Varanasi,187,Moong(Green Gram),204.0,Pulses,Total,253.0,Hectare,72.0,Tonnes,0.285,Tonnes/Hectare
165562,2007-2008,Uttar Pradesh,9,Varanasi,187,Onion,708.0,Vegetable,Rabi,84.0,Hectare,1174.0,Tonnes,13.976,Tonnes/Hectare
165563,2007-2008,Uttar Pradesh,9,Varanasi,187,Onion,708.0,Vegetable,Summer,113.0,Hectare,1373.0,Tonnes,12.15,Tonnes/Hectare
165564,2007-2008,Uttar Pradesh,9,Varanasi,187,Onion,708.0,Vegetable,Total,197.0,Hectare,2547.0,Tonnes,12.929,Tonnes/Hectare
165565,2007-2008,Uttar Pradesh,9,Varanasi,187,Other Rabi Pulses,288.0,Pulses,Rabi,2603.0,Hectare,4319.0,Tonnes,1.659,Tonnes/Hectare
165566,2007-2008,Uttar Pradesh,9,Varanasi,187,Potato,701.0,Vegetable,Rabi,3171.0,Hectare,65809.0,Tonnes,20.753,Tonnes/Hectare
165567,2007-2008,Uttar Pradesh,9,Varanasi,187,Rapeseed &Mustard,1004.0,Oilseeds,Rabi,623.0,Hectare,721.0,Tonnes,1.157,Tonnes/Hectare
165568,2007-2008,Uttar Pradesh,9,Varanasi,187,Rice,101.0,Cereals,Kharif,50910.0,Hectare,86343.0,Tonnes,1.696,Tonnes/Hectare
165569,2007-2008,Uttar Pradesh,9,Varanasi,187,Sannhamp,1104.0,Fiber Crops,Kharif,432.0,Hectare,84.0,Tonnes,0.194,Tonnes/Hectare
165570,2007-2008,Uttar Pradesh,9,Varanasi,187,Sesamum,1003.0,Oilseeds,Kharif,344.0,Hectare,53.0,Tonnes,0.154,Tonnes/Hectare
165571,2007-2008,Uttar Pradesh,9,Varanasi,187,Sugarcane,401.0,Sugar,Kharif,4095.0,Hectare,180442.0,Tonnes,44.064,Tonnes/Hectare
165572,2007-2008,Uttar Pradesh,9,Varanasi,187,Sweet Potato,703.0,Vegetable,Kharif,13.0,Hectare,175.0,Tonnes,13.462,Tonnes/Hectare
165573,2007-2008,Uttar Pradesh,9,Varanasi,187,Turmeric,504.0,Spices,Rabi,1.0,Hectare,3.0,Tonnes,3.0,Tonnes/Hectare
165574,2007-2008,Uttar Pradesh,9,Varanasi,187,Urad,203.0,Pulses,Kharif,1732.0,Hectare,1490.0,Tonnes,0.86,Tonnes/Hectare
165575,2007-2008,Uttar Pradesh,9,Varanasi,187,Urad,203.0,Pulses,Summer,18.0,Hectare,10.0,Tonnes,0.556,Tonnes/Hectare
165576,2007-2008,Uttar Pradesh,9,Varanasi,187,Urad,203.0,Pulses,Total,1750.0,Hectare,1500.0,Tonnes,0.857,Tonnes/Hectare
165577,2007-2008,Uttar Pradesh,9,Varanasi,187,Wheat,106.0,Cereals,Rabi,76433.0,Hectare,194260.0,Tonnes,2.542,Tonnes/Hectare
169249,2008-2009,Bihar,10,Purnia,214,Arhar/Tur,202.0,Pulses,Kharif,149.0,Hectare,171.0,Tonnes,1.148,Tonnes/Hectare
169250,2008-2009,Bihar,10,Purnia,214,Dry Chillies,502.0,Spices,Whole Year,60.0,Hectare,97.0,Tonnes,1.617,Tonnes/Hectare
169251,2008-2009,Bihar,10,Purnia,214,Garlic,508.0,Spices,Whole Year,44.0,Hectare,61.0,Tonnes,1.386,Tonnes/Hectare
169252,2008-2009,Bihar,10,Purnia,214,Ginger,503.0,Spices,Kharif,1.0,Hectare,2.0,Tonnes,2.0,Tonnes/Hectare
169253,2008-2009,Bihar,10,Purnia,214,Gram,201.0,Pulses,Rabi,9.0,Hectare,5.0,Tonnes,0.556,Tonnes/Hectare
169254,2008-2009,Bihar,10,Purnia,214,Jute,1102.0,Fiber Crops,Kharif,24825.0,Hectare,40685.0,Tonnes,1.639,Tonnes/Hectare
169255,2008-2009,Bihar,10,Purnia,214,Khesari,521.0,Spices,Rabi,1166.0,Hectare,834.0,Tonnes,0.715,Tonnes/Hectare
169256,2008-2009,Bihar,10,Purnia,214,Linseed,1005.0,Oilseeds,Rabi,676.0,Hectare,572.0,Tonnes,0.846,Tonnes/Hectare
169257,2008-2009,Bihar,10,Purnia,214,Maize,104.0,Cereals,Autumn,11384.0,Hectare,27076.0,Tonnes,2.378,Tonnes/Hectare
169258,2008-2009,Bihar,10,Purnia,214,Maize,104.0,Cereals,Rabi,11460.0,Hectare,41657.0,Tonnes,3.635,Tonnes/Hectare
169259,2008-2009,Bihar,10,Purnia,214,Maize,104.0,Cereals,Summer,18079.0,Hectare,72714.0,Tonnes,4.022,Tonnes/Hectare
169260,2008-2009,Bihar,10,Purnia,214,Maize,104.0,Cereals,Total,40923.0,Hectare,141447.0,Tonnes,3.456,Tonnes/Hectare
169261,2008-2009,Bihar,10,Purnia,214,Masoor,205.0,Pulses,Rabi,2141.0,Hectare,1527.0,Tonnes,0.713,Tonnes/Hectare
169262,2008-2009,Bihar,10,Purnia,214,Mesta,1103.0,Fiber Crops,Kharif,2275.0,Hectare,17480.0,Tonnes,7.684,Tonnes/Hectare
169263,2008-2009,Bihar,10,Purnia,214,Moong(Green Gram),204.0,Pulses,Kharif,614.0,Hectare,320.0,Tonnes,0.521,Tonnes/Hectare
169264,2008-2009,Bihar,10,Purnia,214,Moong(Green Gram),204.0,Pulses,Summer,6461.0,Hectare,3870.0,Tonnes,0.599,Tonnes/Hectare
169265,2008-2009,Bihar,10,Purnia,214,Moong(Green Gram),204.0,Pulses,Total,7075.0,Hectare,4190.0,Tonnes,0.592,Tonnes/Hectare
169266,2008-2009,Bihar,10,Purnia,214,Onion,708.0,Vegetable,Whole Year,231.0,Hectare,2102.0,Tonnes,9.1,Tonnes/Hectare
169267,2008-2009,Bihar,10,Purnia,214,Other Kharif Pulses,288.0,Pulses,Kharif,217.0,Hectare,126.0,Tonnes,0.581,Tonnes/Hectare
169268,2008-2009,Bihar,10,Purnia,214,Peas & Beans (Pulses),213.0,Pulses,Rabi,281.0,Hectare,270.0,Tonnes,0.961,Tonnes/Hectare
169269,2008-2009,Bihar,10,Purnia,214,Potato,701.0,Vegetable,Kharif,7050.0,Hectare,44133.0,Tonnes,6.26,Tonnes/Hectare
169270,2008-2009,Bihar,10,Purnia,214,Potato,701.0,Vegetable,Rabi,3249.0,Hectare,14556.0,Tonnes,4.48,Tonnes/Hectare
169271,2008-2009,Bihar,10,Purnia,214,Potato,701.0,Vegetable,Total,10299.0,Hectare,58689.0,Tonnes,5.699,Tonnes/Hectare
169272,2008-2009,Bihar,10,Purnia,214,Rapeseed &Mustard,1004.0,Oilseeds,Rabi,3719.0,Hectare,3440.0,Tonnes,0.925,Tonnes/Hectare
169273,2008-2009,Bihar,10,Purnia,214,Rice,101.0,Cereals,Autumn,12909.0,Hectare,13872.0,Tonnes,1.075,Tonnes/Hectare
169274,2008-2009,Bihar,10,Purnia,214,Rice,101.0,Cereals,Summer,19116.0,Hectare,31102.0,Tonnes,1.627,Tonnes/Hectare
169275,2008-2009,Bihar,10,Purnia,214,Rice,101.0,Cereals,Total,112317.0,Hectare,137775.0,Tonnes,1.227,Tonnes/Hectare
169276,2008-2009,Bihar,10,Purnia,214,Rice,101.0,Cereals,Winter,80292.0,Hectare,92801.0,Tonnes,1.156,Tonnes/Hectare
169277,2008-2009,Bihar,10,Purnia,214,Safflower,1008.0,Oilseeds,Rabi,74.0,Hectare,59.0,Tonnes,0.797,Tonnes/Hectare
169278,2008-2009,Bihar,10,Purnia,214,Sesamum,1003.0,Oilseeds,Kharif,8.0,Hectare,6.0,Tonnes,0.75,Tonnes/Hectare
169279,2008-2009,Bihar,10,Purnia,214,Small Millets,108.0,Cereals,Kharif,287.0,Hectare,213.0,Tonnes,0.742,Tonnes/Hectare
169280,2008-2009,Bihar,10,Purnia,214,Sunflower,1007.0,Oilseeds,Rabi,3441.0,Hectare,4711.0,Tonnes,1.369,Tonnes/Hectare
169281,2008-2009,Bihar,10,Purnia,214,Sweet Potato,703.0,Vegetable,Kharif,224.0,Hectare,3039.0,Tonnes,13.567,Tonnes/Hectare
169282,2008-2009,Bihar,10,Purnia,214,Sweet Potato,703.0,Vegetable,Rabi,16.0,Hectare,235.0,Tonnes,14.688,Tonnes/Hectare
169283,2008-2009,Bihar,10,Purnia,214,Sweet Potato,703.0,Vegetable,Total,240.0,Hectare,3274.0,Tonnes,13.642,Tonnes/Hectare
169284,2008-2009,Bihar,10,Purnia,214,Turmeric,504.0,Spices,Whole Year,60.0,Hectare,76.0,Tonnes,1.267,Tonnes/Hectare
169285,2008-2009,Bihar,10,Purnia,214,Urad,203.0,Pulses,Kharif,130.0,Hectare,112.0,Tonnes,0.862,Tonnes/Hectare
169286,2008-2009,Bihar,10,Purnia,214,Wheat,106.0,Cereals,Rabi,39096.0,Hectare,62793.0,Tonnes,1.606,Tonnes/Hectare
171077,2008-2009,Haryana,6,Gurugram,62,Arhar/Tur,202.0,Pulses,Kharif,709.0,Hectare,700.0,Tonnes,0.987,Tonnes/Hectare
171078,2008-2009,Haryana,6,Gurugram,62,Bajra,103.0,Cereals,Kharif,33671.0,Hectare,67000.0,Tonnes,1.99,Tonnes/Hectare
171079,2008-2009,Haryana,6,Gurugram,62,Barley,107.0,Cereals,Rabi,2363.0,Hectare,7000.0,Tonnes,2.962,Tonnes/Hectare
171080,2008-2009,Haryana,6,Gurugram,62,Cotton(Lint),1101.0,Fiber Crops,Kharif,12.0,Hectare,,Tonnes,0.0,Tonnes/Hectare
171081,2008-2009,Haryana,6,Gurugram,62,Gram,201.0,Pulses,Rabi,9.0,Hectare,,Tonnes,0.0,Tonnes/Hectare
171082,2008-2009,Haryana,6,Gurugram,62,Groundnut,1001.0,Oilseeds,Kharif,40.0,Hectare,,Tonnes,0.0,Tonnes/Hectare
171083,2008-2009,Haryana,6,Gurugram,62,Jowar,102.0,Cereals,Kharif,1247.0,Hectare,1000.0,Tonnes,0.802,Tonnes/Hectare
171084,2008-2009,Haryana,6,Gurugram,62,Maize,104.0,Cereals,Kharif,8.0,Hectare,,Tonnes,0.0,Tonnes/Hectare
171085,2008-2009,Haryana,6,Gurugram,62,Moong(Green Gram),204.0,Pulses,Kharif,3.0,Hectare,,Tonnes,0.0,Tonnes/Hectare
171086,2008-2009,Haryana,6,Gurugram,62,Rapeseed &Mustard,1004.0,Oilseeds,Rabi,13930.0,Hectare,27000.0,Tonnes,1.938,Tonnes/Hectare
171087,2008-2009,Haryana,6,Gurugram,62,Rice,101.0,Cereals,Kharif,3457.0,Hectare,8000.0,Tonnes,2.314,Tonnes/Hectare
171088,2008-2009,Haryana,6,Gurugram,62,Sesamum,1003.0,Oilseeds,Kharif,654.0,Hectare,300.0,Tonnes,0.459,Tonnes/Hectare
171089,2008-2009,Haryana,6,Gurugram,62,Sugarcane,401.0,Sugar,Whole Year,3.0,Hectare,,Tonnes,0.0,Tonnes/Hectare
171090,2008-2009,Haryana,6,Gurugram,62,Sweet Potato,703.0,Vegetable,Whole Year,61.0,Hectare,1200.0,Tonnes,19.672,Tonnes/Hectare
171091,2008-2009,Haryana,6,Gurugram,62,Wheat,106.0,Cereals,Rabi,48807.0,Hectare,207000.0,Tonnes,4.241,Tonnes/Hectare
182234,2008-2009,Uttar Pradesh,9,Varanasi,187,Arhar/Tur,202.0,Pulses,Kharif,3925.0,Hectare,3118.0,Tonnes,0.794,Tonnes/Hectare
182235,2008-2009,Uttar Pradesh,9,Varanasi,187,Bajra,103.0,Cereals,Kharif,3912.0,Hectare,4342.0,Tonnes,1.11,Tonnes/Hectare
182236,2008-2009,Uttar Pradesh,9,Varanasi,187,Barley,107.0,Cereals,Rabi,212.0,Hectare,384.0,Tonnes,1.811,Tonnes/Hectare
182237,2008-2009,Uttar Pradesh,9,Varanasi,187,Coriander,509.0,Spices,Rabi,20.0,Hectare,12.0,Tonnes,0.6,Tonnes/Hectare
182238,2008-2009,Uttar Pradesh,9,Varanasi,187,Dry Chillies,502.0,Spices,Kharif,286.0,Hectare,285.0,Tonnes,0.997,Tonnes/Hectare
182239,2008-2009,Uttar Pradesh,9,Varanasi,187,Garlic,508.0,Spices,Rabi,6.0,Hectare,35.0,Tonnes,5.833,Tonnes/Hectare
182240,2008-2009,Uttar Pradesh,9,Varanasi,187,Gram,201.0,Pulses,Rabi,2154.0,Hectare,2325.0,Tonnes,1.079,Tonnes/Hectare
182241,2008-2009,Uttar Pradesh,9,Varanasi,187,Groundnut,1001.0,Oilseeds,Kharif,9.0,Hectare,6.0,Tonnes,0.667,Tonnes/Hectare
182242,2008-2009,Uttar Pradesh,9,Varanasi,187,Guar Seed,727.0,Vegetable,Kharif,56.0,Hectare,47.0,Tonnes,0.839,Tonnes/Hectare
182243,2008-2009,Uttar Pradesh,9,Varanasi,187,Jowar,102.0,Cereals,Kharif,2182.0,Hectare,2666.0,Tonnes,1.222,Tonnes/Hectare
182244,2008-2009,Uttar Pradesh,9,Varanasi,187,Linseed,1005.0,Oilseeds,Rabi,1.0,Hectare,1.0,Tonnes,1.0,Tonnes/Hectare
182245,2008-2009,Uttar Pradesh,9,Varanasi,187,Maize,104.0,Cereals,Kharif,2535.0,Hectare,3349.0,Tonnes,1.321,Tonnes/Hectare
182246,2008-2009,Uttar Pradesh,9,Varanasi,187,Maize,104.0,Cereals,Summer,34.0,Hectare,51.0,Tonnes,1.5,Tonnes/Hectare
182247,2008-2009,Uttar Pradesh,9,Varanasi,187,Maize,104.0,Cereals,Total,2569.0,Hectare,3400.0,Tonnes,1.323,Tonnes/Hectare
182248,2008-2009,Uttar Pradesh,9,Varanasi,187,Masoor,205.0,Pulses,Rabi,208.0,Hectare,207.0,Tonnes,0.995,Tonnes/Hectare
182249,2008-2009,Uttar Pradesh,9,Varanasi,187,Moong(Green Gram),204.0,Pulses,Kharif,224.0,Hectare,83.0,Tonnes,0.371,Tonnes/Hectare
182250,2008-2009,Uttar Pradesh,9,Varanasi,187,Moong(Green Gram),204.0,Pulses,Summer,80.0,Hectare,67.0,Tonnes,0.838,Tonnes/Hectare
182251,2008-2009,Uttar Pradesh,9,Varanasi,187,Moong(Green Gram),204.0,Pulses,Total,304.0,Hectare,150.0,Tonnes,0.493,Tonnes/Hectare
182252,2008-2009,Uttar Pradesh,9,Varanasi,187,Onion,708.0,Vegetable,Rabi,88.0,Hectare,1032.0,Tonnes,11.727,Tonnes/Hectare
182253,2008-2009,Uttar Pradesh,9,Varanasi,187,Peas & Beans (Pulses),213.0,Pulses,Rabi,2522.0,Hectare,2888.0,Tonnes,1.145,Tonnes/Hectare
182254,2008-2009,Uttar Pradesh,9,Varanasi,187,Potato,701.0,Vegetable,Rabi,3232.0,Hectare,43981.0,Tonnes,13.608,Tonnes/Hectare
182255,2008-2009,Uttar Pradesh,9,Varanasi,187,Rapeseed &Mustard,1004.0,Oilseeds,Rabi,659.0,Hectare,743.0,Tonnes,1.127,Tonnes/Hectare
182256,2008-2009,Uttar Pradesh,9,Varanasi,187,Rice,101.0,Cereals,Kharif,51740.0,Hectare,111034.0,Tonnes,2.146,Tonnes/Hectare
182257,2008-2009,Uttar Pradesh,9,Varanasi,187,Sannhamp,1104.0,Fiber Crops,Kharif,349.0,Hectare,112.0,Tonnes,0.321,Tonnes/Hectare
182258,2008-2009,Uttar Pradesh,9,Varanasi,187,Sesamum,1003.0,Oilseeds,Kharif,328.0,Hectare,54.0,Tonnes,0.165,Tonnes/Hectare
182259,2008-2009,Uttar Pradesh,9,Varanasi,187,Sugarcane,401.0,Sugar,Kharif,4142.0,Hectare,182977.0,Tonnes,44.176,Tonnes/Hectare
182260,2008-2009,Uttar Pradesh,9,Varanasi,187,Sunflower,1007.0,Oilseeds,Summer,1.0,Hectare,2.0,Tonnes,2.0,Tonnes/Hectare
182261,2008-2009,Uttar Pradesh,9,Varanasi,187,Sweet Potato,703.0,Vegetable,Kharif,13.0,Hectare,160.0,Tonnes,12.308,Tonnes/Hectare
182262,2008-2009,Uttar Pradesh,9,Varanasi,187,Urad,203.0,Pulses,Kharif,1728.0,Hectare,796.0,Tonnes,0.461,Tonnes/Hectare
182263,2008-2009,Uttar Pradesh,9,Varanasi,187,Urad,203.0,Pulses,Summer,63.0,Hectare,38.0,Tonnes,0.603,Tonnes/Hectare
182264,2008-2009,Uttar Pradesh,9,Varanasi,187,Urad,203.0,Pulses,Total,1791.0,Hectare,834.0,Tonnes,0.466,Tonnes/Hectare
182265,2008-2009,Uttar Pradesh,9,Varanasi,187,Wheat,106.0,Cereals,Rabi,69728.0,Hectare,196842.0,Tonnes,2.823,Tonnes/Hectare
185679,2009-2010,Bihar,10,Purnia,214,Arhar/Tur,202.0,Pulses,Kharif,104.0,Hectare,140.0,Tonnes,1.346,Tonnes/Hectare
185680,2009-2010,Bihar,10,Purnia,214,Gram,201.0,Pulses,Rabi,35.0,Hectare,20.0,Tonnes,0.571,Tonnes/Hectare
185681,2009-2010,Bihar,10,Purnia,214,Horse-Gram,206.0,Pulses,Kharif,783.0,Hectare,754.0,Tonnes,0.963,Tonnes/Hectare
185682,2009-2010,Bihar,10,Purnia,214,Jute,1102.0,Fiber Crops,Kharif,26723.0,Hectare,303009.0,Tonnes,11.339,Tonnes/Hectare
185683,2009-2010,Bihar,10,Purnia,214,Khesari,521.0,Spices,Rabi,1161.0,Hectare,1203.0,Tonnes,1.036,Tonnes/Hectare
185684,2009-2010,Bihar,10,Purnia,214,Linseed,1005.0,Oilseeds,Rabi,554.0,Hectare,469.0,Tonnes,0.847,Tonnes/Hectare
185685,2009-2010,Bihar,10,Purnia,214,Maize,104.0,Cereals,Autumn,12340.0,Hectare,45779.0,Tonnes,3.71,Tonnes/Hectare
185686,2009-2010,Bihar,10,Purnia,214,Maize,104.0,Cereals,Rabi,10748.0,Hectare,14198.0,Tonnes,1.321,Tonnes/Hectare
185687,2009-2010,Bihar,10,Purnia,214,Maize,104.0,Cereals,Summer,16669.0,Hectare,77661.0,Tonnes,4.659,Tonnes/Hectare
185688,2009-2010,Bihar,10,Purnia,214,Maize,104.0,Cereals,Total,39757.0,Hectare,137638.0,Tonnes,3.462,Tonnes/Hectare
185689,2009-2010,Bihar,10,Purnia,214,Masoor,205.0,Pulses,Rabi,1917.0,Hectare,1336.0,Tonnes,0.697,Tonnes/Hectare
185690,2009-2010,Bihar,10,Purnia,214,Mesta,1103.0,Fiber Crops,Kharif,3001.0,Hectare,22041.0,Tonnes,7.345,Tonnes/Hectare
185691,2009-2010,Bihar,10,Purnia,214,Moong(Green Gram),204.0,Pulses,Kharif,823.0,Hectare,546.0,Tonnes,0.663,Tonnes/Hectare
185692,2009-2010,Bihar,10,Purnia,214,Moong(Green Gram),204.0,Pulses,Summer,5152.0,Hectare,2767.0,Tonnes,0.537,Tonnes/Hectare
185693,2009-2010,Bihar,10,Purnia,214,Moong(Green Gram),204.0,Pulses,Total,5975.0,Hectare,3313.0,Tonnes,0.554,Tonnes/Hectare
185694,2009-2010,Bihar,10,Purnia,214,Peas & Beans (Pulses),213.0,Pulses,Rabi,154.0,Hectare,154.0,Tonnes,1.0,Tonnes/Hectare
185695,2009-2010,Bihar,10,Purnia,214,Rapeseed &Mustard,1004.0,Oilseeds,Rabi,4078.0,Hectare,4155.0,Tonnes,1.019,Tonnes/Hectare
185696,2009-2010,Bihar,10,Purnia,214,Rice,101.0,Cereals,Autumn,15152.0,Hectare,15996.0,Tonnes,1.056,Tonnes/Hectare
185697,2009-2010,Bihar,10,Purnia,214,Rice,101.0,Cereals,Summer,16086.0,Hectare,28923.0,Tonnes,1.798,Tonnes/Hectare
185698,2009-2010,Bihar,10,Purnia,214,Rice,101.0,Cereals,Total,109281.0,Hectare,153285.0,Tonnes,1.403,Tonnes/Hectare
185699,2009-2010,Bihar,10,Purnia,214,Rice,101.0,Cereals,Winter,78043.0,Hectare,108366.0,Tonnes,1.389,Tonnes/Hectare
185700,2009-2010,Bihar,10,Purnia,214,Sunflower,1007.0,Oilseeds,Rabi,1987.0,Hectare,2792.0,Tonnes,1.405,Tonnes/Hectare
185701,2009-2010,Bihar,10,Purnia,214,Urad,203.0,Pulses,Kharif,258.0,Hectare,255.0,Tonnes,0.988,Tonnes/Hectare
185702,2009-2010,Bihar,10,Purnia,214,Wheat,106.0,Cereals,Rabi,42230.0,Hectare,89106.0,Tonnes,2.11,Tonnes/Hectare
187370,2009-2010,Haryana,6,Gurugram,62,Arhar/Tur,202.0,Pulses,Kharif,510.0,Hectare,500.0,Tonnes,0.98,Tonnes/Hectare
187371,2009-2010,Haryana,6,Gurugram,62,Bajra,103.0,Cereals,Kharif,34217.0,Hectare,63000.0,Tonnes,1.841,Tonnes/Hectare
187372,2009-2010,Haryana,6,Gurugram,62,Barley,107.0,Cereals,Rabi,1676.0,Hectare,8000.0,Tonnes,4.773,Tonnes/Hectare
187373,2009-2010,Haryana,6,Gurugram,62,Cotton(Lint),1101.0,Fiber Crops,Kharif,12.0,Hectare,,Tonnes,0.0,Tonnes/Hectare
187374,2009-2010,Haryana,6,Gurugram,62,Dry Chillies,502.0,Spices,Whole Year,1.0,Hectare,,Tonnes,0.0,Tonnes/Hectare
187375,2009-2010,Haryana,6,Gurugram,62,Gram,201.0,Pulses,Rabi,15.0,Hectare,,Tonnes,0.0,Tonnes/Hectare
187376,2009-2010,Haryana,6,Gurugram,62,Groundnut,1001.0,Oilseeds,Kharif,21.0,Hectare,,Tonnes,0.0,Tonnes/Hectare
187377,2009-2010,Haryana,6,Gurugram,62,Jowar,102.0,Cereals,Kharif,1123.0,Hectare,10.0,Tonnes,0.009,Tonnes/Hectare
187378,2009-2010,Haryana,6,Gurugram,62,Maize,104.0,Cereals,Kharif,3.0,Hectare,,Tonnes,0.0,Tonnes/Hectare
187379,2009-2010,Haryana,6,Gurugram,62,Moong(Green Gram),204.0,Pulses,Kharif,7.0,Hectare,,Tonnes,0.0,Tonnes/Hectare
187380,2009-2010,Haryana,6,Gurugram,62,Onion,708.0,Vegetable,Whole Year,2.0,Hectare,100.0,Tonnes,50.0,Tonnes/Hectare
187381,2009-2010,Haryana,6,Gurugram,62,Rice,101.0,Cereals,Kharif,4425.0,Hectare,14000.0,Tonnes,3.164,Tonnes/Hectare
187382,2009-2010,Haryana,6,Gurugram,62,Sesamum,1003.0,Oilseeds,Kharif,649.0,Hectare,300.0,Tonnes,0.462,Tonnes/Hectare
187383,2009-2010,Haryana,6,Gurugram,62,Sugarcane,401.0,Sugar,Whole Year,5.0,Hectare,,Tonnes,0.0,Tonnes/Hectare
187384,2009-2010,Haryana,6,Gurugram,62,Sweet Potato,703.0,Vegetable,Whole Year,39.0,Hectare,800.0,Tonnes,20.513,Tonnes/Hectare
187385,2009-2010,Haryana,6,Gurugram,62,Wheat,106.0,Cereals,Rabi,51610.0,Hectare,227000.0,Tonnes,4.398,Tonnes/Hectare
199291,2009-2010,Uttar Pradesh,9,Varanasi,187,Arhar/Tur,202.0,Pulses,Kharif,4816.0,Hectare,2759.0,Tonnes,0.573,Tonnes/Hectare
199292,2009-2010,Uttar Pradesh,9,Varanasi,187,Bajra,103.0,Cereals,Kharif,4370.0,Hectare,5170.0,Tonnes,1.183,Tonnes/Hectare
199293,2009-2010,Uttar Pradesh,9,Varanasi,187,Barley,107.0,Cereals,Rabi,568.0,Hectare,978.0,Tonnes,1.722,Tonnes/Hectare
199294,2009-2010,Uttar Pradesh,9,Varanasi,187,Coriander,509.0,Spices,Rabi,39.0,Hectare,22.0,Tonnes,0.564,Tonnes/Hectare
199295,2009-2010,Uttar Pradesh,9,Varanasi,187,Dry Chillies,502.0,Spices,Kharif,288.0,Hectare,254.0,Tonnes,0.882,Tonnes/Hectare
199296,2009-2010,Uttar Pradesh,9,Varanasi,187,Garlic,508.0,Spices,Rabi,3.0,Hectare,16.0,Tonnes,5.333,Tonnes/Hectare
199297,2009-2010,Uttar Pradesh,9,Varanasi,187,Gram,201.0,Pulses,Rabi,2229.0,Hectare,1967.0,Tonnes,0.882,Tonnes/Hectare
199298,2009-2010,Uttar Pradesh,9,Varanasi,187,Guar Seed,727.0,Vegetable,Kharif,53.0,Hectare,45.0,Tonnes,0.849,Tonnes/Hectare
199299,2009-2010,Uttar Pradesh,9,Varanasi,187,Jowar,102.0,Cereals,Kharif,2777.0,Hectare,3067.0,Tonnes,1.104,Tonnes/Hectare
199300,2009-2010,Uttar Pradesh,9,Varanasi,187,Linseed,1005.0,Oilseeds,Rabi,6.0,Hectare,2.0,Tonnes,0.333,Tonnes/Hectare
199301,2009-2010,Uttar Pradesh,9,Varanasi,187,Maize,104.0,Cereals,Kharif,1325.0,Hectare,1937.0,Tonnes,1.462,Tonnes/Hectare
199302,2009-2010,Uttar Pradesh,9,Varanasi,187,Maize,104.0,Cereals,Rabi,12.0,Hectare,37.0,Tonnes,3.083,Tonnes/Hectare
199303,2009-2010,Uttar Pradesh,9,Varanasi,187,Maize,104.0,Cereals,Summer,25.0,Hectare,36.0,Tonnes,1.44,Tonnes/Hectare
199304,2009-2010,Uttar Pradesh,9,Varanasi,187,Maize,104.0,Cereals,Total,1362.0,Hectare,2010.0,Tonnes,1.476,Tonnes/Hectare
199305,2009-2010,Uttar Pradesh,9,Varanasi,187,Masoor,205.0,Pulses,Rabi,209.0,Hectare,196.0,Tonnes,0.938,Tonnes/Hectare
199306,2009-2010,Uttar Pradesh,9,Varanasi,187,Moong(Green Gram),204.0,Pulses,Kharif,213.0,Hectare,31.0,Tonnes,0.146,Tonnes/Hectare
199307,2009-2010,Uttar Pradesh,9,Varanasi,187,Moong(Green Gram),204.0,Pulses,Summer,40.0,Hectare,40.0,Tonnes,1.0,Tonnes/Hectare
199308,2009-2010,Uttar Pradesh,9,Varanasi,187,Moong(Green Gram),204.0,Pulses,Total,253.0,Hectare,71.0,Tonnes,0.281,Tonnes/Hectare
199309,2009-2010,Uttar Pradesh,9,Varanasi,187,Onion,708.0,Vegetable,Rabi,183.0,Hectare,3349.0,Tonnes,18.301,Tonnes/Hectare
199310,2009-2010,Uttar Pradesh,9,Varanasi,187,Onion,708.0,Vegetable,Summer,115.0,Hectare,2236.0,Tonnes,19.443,Tonnes/Hectare
199311,2009-2010,Uttar Pradesh,9,Varanasi,187,Onion,708.0,Vegetable,Total,298.0,Hectare,5585.0,Tonnes,18.742,Tonnes/Hectare
199312,2009-2010,Uttar Pradesh,9,Varanasi,187,Peas & Beans (Pulses),213.0,Pulses,Rabi,2764.0,Hectare,2974.0,Tonnes,1.076,Tonnes/Hectare
199313,2009-2010,Uttar Pradesh,9,Varanasi,187,Potato,701.0,Vegetable,Rabi,3450.0,Hectare,78781.0,Tonnes,22.835,Tonnes/Hectare
199314,2009-2010,Uttar Pradesh,9,Varanasi,187,Rapeseed &Mustard,1004.0,Oilseeds,Rabi,780.0,Hectare,870.0,Tonnes,1.115,Tonnes/Hectare
199315,2009-2010,Uttar Pradesh,9,Varanasi,187,Rice,101.0,Cereals,Kharif,39295.0,Hectare,58274.0,Tonnes,1.483,Tonnes/Hectare
199316,2009-2010,Uttar Pradesh,9,Varanasi,187,Sannhamp,1104.0,Fiber Crops,Kharif,329.0,Hectare,60.0,Tonnes,0.182,Tonnes/Hectare
199317,2009-2010,Uttar Pradesh,9,Varanasi,187,Sesamum,1003.0,Oilseeds,Kharif,101.0,Hectare,11.0,Tonnes,0.109,Tonnes/Hectare
199318,2009-2010,Uttar Pradesh,9,Varanasi,187,Sugarcane,401.0,Sugar,Kharif,3788.0,Hectare,178850.0,Tonnes,47.215,Tonnes/Hectare
199319,2009-2010,Uttar Pradesh,9,Varanasi,187,Sunflower,1007.0,Oilseeds,Summer,1.0,Hectare,2.0,Tonnes,2.0,Tonnes/Hectare
199320,2009-2010,Uttar Pradesh,9,Varanasi,187,Sweet Potato,703.0,Vegetable,Kharif,15.0,Hectare,204.0,Tonnes,13.6,Tonnes/Hectare
199321,2009-2010,Uttar Pradesh,9,Varanasi,187,Urad,203.0,Pulses,Kharif,2263.0,Hectare,864.0,Tonnes,0.382,Tonnes/Hectare
199322,2009-2010,Uttar Pradesh,9,Varanasi,187,Urad,203.0,Pulses,Summer,97.0,Hectare,78.0,Tonnes,0.804,Tonnes/Hectare
199323,2009-2010,Uttar Pradesh,9,Varanasi,187,Urad,203.0,Pulses,Total,2360.0,Hectare,942.0,Tonnes,0.399,Tonnes/Hectare
199324,2009-2010,Uttar Pradesh,9,Varanasi,187,Wheat,106.0,Cereals,Rabi,70988.0,Hectare,178387.0,Tonnes,2.513,Tonnes/Hectare
202703,2010-2011,Bihar,10,Purnia,214,Arhar/Tur,202.0,Pulses,Kharif,146.0,Hectare,83.0,Tonnes,0.568,Tonnes/Hectare
202704,2010-2011,Bihar,10,Purnia,214,Barley,107.0,Cereals,Rabi,1.0,Hectare,1.0,Tonnes,1.0,Tonnes/Hectare
202705,2010-2011,Bihar,10,Purnia,214,Gram,201.0,Pulses,Rabi,251.0,Hectare,138.0,Tonnes,0.55,Tonnes/Hectare
202706,2010-2011,Bihar,10,Purnia,214,Horse-Gram,206.0,Pulses,Kharif,391.0,Hectare,369.0,Tonnes,0.944,Tonnes/Hectare
202707,2010-2011,Bihar,10,Purnia,214,Jute,1102.0,Fiber Crops,Kharif,21289.0,Hectare,244350.0,Tonnes,11.478,Tonnes/Hectare
202708,2010-2011,Bihar,10,Purnia,214,Khesari,521.0,Spices,Rabi,1210.0,Hectare,1191.0,Tonnes,0.984,Tonnes/Hectare
202709,2010-2011,Bihar,10,Purnia,214,Linseed,1005.0,Oilseeds,Rabi,594.0,Hectare,486.0,Tonnes,0.818,Tonnes/Hectare
202710,2010-2011,Bihar,10,Purnia,214,Maize,104.0,Cereals,Autumn,10276.0,Hectare,34313.0,Tonnes,3.339,Tonnes/Hectare
202711,2010-2011,Bihar,10,Purnia,214,Maize,104.0,Cereals,Rabi,11530.0,Hectare,19128.0,Tonnes,1.659,Tonnes/Hectare
202712,2010-2011,Bihar,10,Purnia,214,Maize,104.0,Cereals,Summer,16307.0,Hectare,40963.0,Tonnes,2.512,Tonnes/Hectare
202713,2010-2011,Bihar,10,Purnia,214,Maize,104.0,Cereals,Total,38113.0,Hectare,94404.0,Tonnes,2.477,Tonnes/Hectare
202714,2010-2011,Bihar,10,Purnia,214,Masoor,205.0,Pulses,Rabi,2206.0,Hectare,1394.0,Tonnes,0.632,Tonnes/Hectare
202715,2010-2011,Bihar,10,Purnia,214,Mesta,1103.0,Fiber Crops,Kharif,3053.0,Hectare,21490.0,Tonnes,7.039,Tonnes/Hectare
202716,2010-2011,Bihar,10,Purnia,214,Moong(Green Gram),204.0,Pulses,Kharif,812.0,Hectare,531.0,Tonnes,0.654,Tonnes/Hectare
202717,2010-2011,Bihar,10,Purnia,214,Moong(Green Gram),204.0,Pulses,Summer,5006.0,Hectare,2713.0,Tonnes,0.542,Tonnes/Hectare
202718,2010-2011,Bihar,10,Purnia,214,Moong(Green Gram),204.0,Pulses,Total,5818.0,Hectare,3244.0,Tonnes,0.558,Tonnes/Hectare
202719,2010-2011,Bihar,10,Purnia,214,Peas & Beans (Pulses),213.0,Pulses,Rabi,193.0,Hectare,200.0,Tonnes,1.036,Tonnes/Hectare
202720,2010-2011,Bihar,10,Purnia,214,Rapeseed &Mustard,1004.0,Oilseeds,Rabi,3726.0,Hectare,3704.0,Tonnes,0.994,Tonnes/Hectare
202721,2010-2011,Bihar,10,Purnia,214,Rice,101.0,Cereals,Autumn,15293.0,Hectare,24455.0,Tonnes,1.599,Tonnes/Hectare
202722,2010-2011,Bihar,10,Purnia,214,Rice,101.0,Cereals,Summer,10256.0,Hectare,19056.0,Tonnes,1.858,Tonnes/Hectare
202723,2010-2011,Bihar,10,Purnia,214,Rice,101.0,Cereals,Total,92190.0,Hectare,116991.0,Tonnes,1.269,Tonnes/Hectare
202724,2010-2011,Bihar,10,Purnia,214,Rice,101.0,Cereals,Winter,66641.0,Hectare,73480.0,Tonnes,1.103,Tonnes/Hectare
202725,2010-2011,Bihar,10,Purnia,214,Sesamum,1003.0,Oilseeds,Kharif,12.0,Hectare,9.0,Tonnes,0.75,Tonnes/Hectare
202726,2010-2011,Bihar,10,Purnia,214,Sugarcane,401.0,Sugar,Whole Year,471.0,Hectare,20519.0,Tonnes,43.565,Tonnes/Hectare
202727,2010-2011,Bihar,10,Purnia,214,Sunflower,1007.0,Oilseeds,Rabi,1886.0,Hectare,2705.0,Tonnes,1.434,Tonnes/Hectare
202728,2010-2011,Bihar,10,Purnia,214,Tobacco,1302.0,Drugs And Narcotics,Whole Year,41.0,Hectare,73.0,Tonnes,1.78,Tonnes/Hectare
202729,2010-2011,Bihar,10,Purnia,214,Urad,203.0,Pulses,Kharif,171.0,Hectare,149.0,Tonnes,0.871,Tonnes/Hectare
202730,2010-2011,Bihar,10,Purnia,214,Wheat,106.0,Cereals,Rabi,42075.0,Hectare,82666.0,Tonnes,1.965,Tonnes/Hectare
204591,2010-2011,Haryana,6,Gurugram,62,Arhar/Tur,202.0,Pulses,Kharif,885.0,Hectare,800.0,Tonnes,0.904,Tonnes/Hectare
204592,2010-2011,Haryana,6,Gurugram,62,Bajra,103.0,Cereals,Kharif,34026.0,Hectare,65000.0,Tonnes,1.91,Tonnes/Hectare
204593,2010-2011,Haryana,6,Gurugram,62,Barley,107.0,Cereals,Rabi,1277.0,Hectare,4000.0,Tonnes,3.132,Tonnes/Hectare
204594,2010-2011,Haryana,6,Gurugram,62,Cotton(Lint),1101.0,Fiber Crops,Kharif,8.0,Hectare,,Tonnes,0.0,Tonnes/Hectare
204595,2010-2011,Haryana,6,Gurugram,62,Dry Chillies,502.0,Spices,Whole Year,2.0,Hectare,,Tonnes,0.0,Tonnes/Hectare
204596,2010-2011,Haryana,6,Gurugram,62,Gram,201.0,Pulses,Rabi,3.0,Hectare,,Tonnes,0.0,Tonnes/Hectare
204597,2010-2011,Haryana,6,Gurugram,62,Groundnut,1001.0,Oilseeds,Kharif,20.0,Hectare,,Tonnes,0.0,Tonnes/Hectare
204598,2010-2011,Haryana,6,Gurugram,62,Jowar,102.0,Cereals,Kharif,733.0,Hectare,1000.0,Tonnes,1.364,Tonnes/Hectare
204599,2010-2011,Haryana,6,Gurugram,62,Maize,104.0,Cereals,Kharif,2.0,Hectare,,Tonnes,0.0,Tonnes/Hectare
204600,2010-2011,Haryana,6,Gurugram,62,Masoor,205.0,Pulses,Rabi,1.0,Hectare,,Tonnes,0.0,Tonnes/Hectare
204601,2010-2011,Haryana,6,Gurugram,62,Moong(Green Gram),204.0,Pulses,Kharif,1.0,Hectare,,Tonnes,0.0,Tonnes/Hectare
204602,2010-2011,Haryana,6,Gurugram,62,Onion,708.0,Vegetable,Whole Year,3.0,Hectare,100.0,Tonnes,33.333,Tonnes/Hectare
204603,2010-2011,Haryana,6,Gurugram,62,Peas & Beans (Pulses),213.0,Pulses,Rabi,28.0,Hectare,,Tonnes,0.0,Tonnes/Hectare
204604,2010-2011,Haryana,6,Gurugram,62,Potato,701.0,Vegetable,Whole Year,3.0,Hectare,100.0,Tonnes,33.333,Tonnes/Hectare
204605,2010-2011,Haryana,6,Gurugram,62,Rapeseed &Mustard,1004.0,Oilseeds,Rabi,12250.0,Hectare,22000.0,Tonnes,1.796,Tonnes/Hectare
204606,2010-2011,Haryana,6,Gurugram,62,Rice,101.0,Cereals,Kharif,5151.0,Hectare,14000.0,Tonnes,2.718,Tonnes/Hectare
204607,2010-2011,Haryana,6,Gurugram,62,Sannhamp,1104.0,Fiber Crops,Whole Year,1.0,Hectare,,Tonnes,0.0,Tonnes/Hectare
204608,2010-2011,Haryana,6,Gurugram,62,Sesamum,1003.0,Oilseeds,Kharif,353.0,Hectare,100.0,Tonnes,0.283,Tonnes/Hectare
204609,2010-2011,Haryana,6,Gurugram,62,Sugarcane,401.0,Sugar,Whole Year,42.0,Hectare,,Tonnes,0.0,Tonnes/Hectare
204610,2010-2011,Haryana,6,Gurugram,62,Sweet Potato,703.0,Vegetable,Whole Year,37.0,Hectare,,Tonnes,0.0,Tonnes/Hectare
204611,2010-2011,Haryana,6,Gurugram,62,Wheat,106.0,Cereals,Rabi,50833.0,Hectare,240000.0,Tonnes,4.721,Tonnes/Hectare
215824,2010-2011,Uttar Pradesh,9,Varanasi,187,Arhar/Tur,202.0,Pulses,Kharif,4327.0,Hectare,3344.0,Tonnes,0.773,Tonnes/Hectare
215825,2010-2011,Uttar Pradesh,9,Varanasi,187,Bajra,103.0,Cereals,Kharif,5626.0,Hectare,6550.0,Tonnes,1.164,Tonnes/Hectare
215826,2010-2011,Uttar Pradesh,9,Varanasi,187,Barley,107.0,Cereals,Rabi,245.0,Hectare,453.0,Tonnes,1.849,Tonnes/Hectare
215827,2010-2011,Uttar Pradesh,9,Varanasi,187,Dry Chillies,502.0,Spices,Kharif,331.0,Hectare,290.0,Tonnes,0.876,Tonnes/Hectare
215828,2010-2011,Uttar Pradesh,9,Varanasi,187,Gram,201.0,Pulses,Rabi,2236.0,Hectare,2160.0,Tonnes,0.966,Tonnes/Hectare
215829,2010-2011,Uttar Pradesh,9,Varanasi,187,Groundnut,1001.0,Oilseeds,Kharif,1.0,Hectare,1.0,Tonnes,1.0,Tonnes/Hectare
215830,2010-2011,Uttar Pradesh,9,Varanasi,187,Guar Seed,727.0,Vegetable,Kharif,53.0,Hectare,44.0,Tonnes,0.83,Tonnes/Hectare
215831,2010-2011,Uttar Pradesh,9,Varanasi,187,Jowar,102.0,Cereals,Kharif,2525.0,Hectare,3061.0,Tonnes,1.212,Tonnes/Hectare
215832,2010-2011,Uttar Pradesh,9,Varanasi,187,Linseed,1005.0,Oilseeds,Rabi,1.0,Hectare,1.0,Tonnes,1.0,Tonnes/Hectare
215833,2010-2011,Uttar Pradesh,9,Varanasi,187,Maize,104.0,Cereals,Kharif,3109.0,Hectare,4570.0,Tonnes,1.47,Tonnes/Hectare
215834,2010-2011,Uttar Pradesh,9,Varanasi,187,Maize,104.0,Cereals,Summer,34.0,Hectare,50.0,Tonnes,1.471,Tonnes/Hectare
215835,2010-2011,Uttar Pradesh,9,Varanasi,187,Maize,104.0,Cereals,Total,3143.0,Hectare,4620.0,Tonnes,1.47,Tonnes/Hectare
215836,2010-2011,Uttar Pradesh,9,Varanasi,187,Masoor,205.0,Pulses,Rabi,203.0,Hectare,158.0,Tonnes,0.778,Tonnes/Hectare
215837,2010-2011,Uttar Pradesh,9,Varanasi,187,Moong(Green Gram),204.0,Pulses,Kharif,276.0,Hectare,130.0,Tonnes,0.471,Tonnes/Hectare
215838,2010-2011,Uttar Pradesh,9,Varanasi,187,Moong(Green Gram),204.0,Pulses,Summer,57.0,Hectare,57.0,Tonnes,1.0,Tonnes/Hectare
215839,2010-2011,Uttar Pradesh,9,Varanasi,187,Moong(Green Gram),204.0,Pulses,Total,333.0,Hectare,187.0,Tonnes,0.562,Tonnes/Hectare
215840,2010-2011,Uttar Pradesh,9,Varanasi,187,Onion,708.0,Vegetable,Rabi,95.0,Hectare,1749.0,Tonnes,18.411,Tonnes/Hectare
215841,2010-2011,Uttar Pradesh,9,Varanasi,187,Peas & Beans (Pulses),213.0,Pulses,Rabi,3048.0,Hectare,5035.0,Tonnes,1.652,Tonnes/Hectare
215842,2010-2011,Uttar Pradesh,9,Varanasi,187,Potato,701.0,Vegetable,Rabi,3465.0,Hectare,61199.0,Tonnes,17.662,Tonnes/Hectare
215843,2010-2011,Uttar Pradesh,9,Varanasi,187,Rapeseed &Mustard,1004.0,Oilseeds,Rabi,760.0,Hectare,909.0,Tonnes,1.196,Tonnes/Hectare
215844,2010-2011,Uttar Pradesh,9,Varanasi,187,Rice,101.0,Cereals,Kharif,42021.0,Hectare,84882.0,Tonnes,2.02,Tonnes/Hectare
215845,2010-2011,Uttar Pradesh,9,Varanasi,187,Sannhamp,1104.0,Fiber Crops,Kharif,361.0,Hectare,118.0,Tonnes,0.327,Tonnes/Hectare
215846,2010-2011,Uttar Pradesh,9,Varanasi,187,Sesamum,1003.0,Oilseeds,Kharif,445.0,Hectare,88.0,Tonnes,0.198,Tonnes/Hectare
215847,2010-2011,Uttar Pradesh,9,Varanasi,187,Sugarcane,401.0,Sugar,Kharif,3972.0,Hectare,174402.0,Tonnes,43.908,Tonnes/Hectare
215848,2010-2011,Uttar Pradesh,9,Varanasi,187,Sweet Potato,703.0,Vegetable,Kharif,46.0,Hectare,567.0,Tonnes,12.326,Tonnes/Hectare
215849,2010-2011,Uttar Pradesh,9,Varanasi,187,Urad,203.0,Pulses,Kharif,1991.0,Hectare,1344.0,Tonnes,0.675,Tonnes/Hectare
215850,2010-2011,Uttar Pradesh,9,Varanasi,187,Urad,203.0,Pulses,Summer,48.0,Hectare,36.0,Tonnes,0.75,Tonnes/Hectare
215851,2010-2011,Uttar Pradesh,9,Varanasi,187,Urad,203.0,Pulses,Total,2039.0,Hectare,1380.0,Tonnes,0.677,Tonnes/Hectare
215852,2010-2011,Uttar Pradesh,9,Varanasi,187,Wheat,106.0,Cereals,Rabi,70642.0,Hectare,198007.0,Tonnes,2.803,Tonnes/Hectare
219322,2011-2012,Bihar,10,Purnia,214,Arhar/Tur,202.0,Pulses,Kharif,140.0,Hectare,266.0,Tonnes,1.9,Tonnes/Hectare
219323,2011-2012,Bihar,10,Purnia,214,Gram,201.0,Pulses,Rabi,256.0,Hectare,179.0,Tonnes,0.699,Tonnes/Hectare
219324,2011-2012,Bihar,10,Purnia,214,Horse-Gram,206.0,Pulses,Kharif,485.0,Hectare,462.0,Tonnes,0.953,Tonnes/Hectare
219325,2011-2012,Bihar,10,Purnia,214,Jute,1102.0,Fiber Crops,Kharif,24977.0,Hectare,305413.0,Tonnes,12.228,Tonnes/Hectare
219326,2011-2012,Bihar,10,Purnia,214,Khesari,521.0,Spices,Rabi,896.0,Hectare,1133.0,Tonnes,1.265,Tonnes/Hectare
219327,2011-2012,Bihar,10,Purnia,214,Linseed,1005.0,Oilseeds,Rabi,601.0,Hectare,520.0,Tonnes,0.865,Tonnes/Hectare
219328,2011-2012,Bihar,10,Purnia,214,Maize,104.0,Cereals,Autumn,10921.0,Hectare,17950.0,Tonnes,1.644,Tonnes/Hectare
219329,2011-2012,Bihar,10,Purnia,214,Maize,104.0,Cereals,Rabi,11623.0,Hectare,28662.0,Tonnes,2.466,Tonnes/Hectare
219330,2011-2012,Bihar,10,Purnia,214,Maize,104.0,Cereals,Summer,16164.0,Hectare,51036.0,Tonnes,3.157,Tonnes/Hectare
219331,2011-2012,Bihar,10,Purnia,214,Maize,104.0,Cereals,Total,38708.0,Hectare,97648.0,Tonnes,2.523,Tonnes/Hectare
219332,2011-2012,Bihar,10,Purnia,214,Masoor,205.0,Pulses,Rabi,2191.0,Hectare,1361.0,Tonnes,0.621,Tonnes/Hectare
219333,2011-2012,Bihar,10,Purnia,214,Mesta,1103.0,Fiber Crops,Kharif,3011.0,Hectare,45165.0,Tonnes,15.0,Tonnes/Hectare
219334,2011-2012,Bihar,10,Purnia,214,Moong(Green Gram),204.0,Pulses,Kharif,599.0,Hectare,333.0,Tonnes,0.556,Tonnes/Hectare
219335,2011-2012,Bihar,10,Purnia,214,Moong(Green Gram),204.0,Pulses,Summer,3816.0,Hectare,4316.0,Tonnes,1.131,Tonnes/Hectare
219336,2011-2012,Bihar,10,Purnia,214,Moong(Green Gram),204.0,Pulses,Total,4415.0,Hectare,4649.0,Tonnes,1.053,Tonnes/Hectare
219337,2011-2012,Bihar,10,Purnia,214,Peas & Beans (Pulses),213.0,Pulses,Rabi,190.0,Hectare,196.0,Tonnes,1.032,Tonnes/Hectare
219338,2011-2012,Bihar,10,Purnia,214,Rapeseed &Mustard,1004.0,Oilseeds,Rabi,3762.0,Hectare,4326.0,Tonnes,1.15,Tonnes/Hectare
219339,2011-2012,Bihar,10,Purnia,214,Rice,101.0,Cereals,Autumn,13084.0,Hectare,15026.0,Tonnes,1.148,Tonnes/Hectare
219340,2011-2012,Bihar,10,Purnia,214,Rice,101.0,Cereals,Summer,10918.0,Hectare,19585.0,Tonnes,1.794,Tonnes/Hectare
219341,2011-2012,Bihar,10,Purnia,214,Rice,101.0,Cereals,Total,98029.0,Hectare,195555.0,Tonnes,1.995,Tonnes/Hectare
219342,2011-2012,Bihar,10,Purnia,214,Rice,101.0,Cereals,Winter,74027.0,Hectare,160944.0,Tonnes,2.174,Tonnes/Hectare
219343,2011-2012,Bihar,10,Purnia,214,Sesamum,1003.0,Oilseeds,Kharif,13.0,Hectare,11.0,Tonnes,0.846,Tonnes/Hectare
219344,2011-2012,Bihar,10,Purnia,214,Sunflower,1007.0,Oilseeds,Rabi,1055.0,Hectare,1512.0,Tonnes,1.433,Tonnes/Hectare
219345,2011-2012,Bihar,10,Purnia,214,Urad,203.0,Pulses,Kharif,173.0,Hectare,148.0,Tonnes,0.855,Tonnes/Hectare
219346,2011-2012,Bihar,10,Purnia,214,Wheat,106.0,Cereals,Rabi,43088.0,Hectare,112880.0,Tonnes,2.62,Tonnes/Hectare
221512,2011-2012,Haryana,6,Gurugram,62,Maize,104.0,Cereals,Kharif,6.0,Hectare,,Tonnes,0.0,Tonnes/Hectare
221507,2011-2012,Haryana,6,Gurugram,62,Arhar/Tur,202.0,Pulses,Kharif,320.0,Hectare,300.0,Tonnes,0.938,Tonnes/Hectare
221508,2011-2012,Haryana,6,Gurugram,62,Bajra,103.0,Cereals,Kharif,31450.0,Hectare,71000.0,Tonnes,2.258,Tonnes/Hectare
221509,2011-2012,Haryana,6,Gurugram,62,Barley,107.0,Cereals,Rabi,1818.0,Hectare,9000.0,Tonnes,4.95,Tonnes/Hectare
221510,2011-2012,Haryana,6,Gurugram,62,Groundnut,1001.0,Oilseeds,Kharif,18.0,Hectare,,Tonnes,0.0,Tonnes/Hectare
221511,2011-2012,Haryana,6,Gurugram,62,Jowar,102.0,Cereals,Kharif,1154.0,Hectare,1000.0,Tonnes,0.867,Tonnes/Hectare
221513,2011-2012,Haryana,6,Gurugram,62,Onion,708.0,Vegetable,Whole Year,48.0,Hectare,900.0,Tonnes,18.75,Tonnes/Hectare
221514,2011-2012,Haryana,6,Gurugram,62,Potato,701.0,Vegetable,Whole Year,12.0,Hectare,300.0,Tonnes,25.0,Tonnes/Hectare
221515,2011-2012,Haryana,6,Gurugram,62,Rapeseed &Mustard,1004.0,Oilseeds,Rabi,12505.0,Hectare,24000.0,Tonnes,1.919,Tonnes/Hectare
221516,2011-2012,Haryana,6,Gurugram,62,Rice,101.0,Cereals,Kharif,4803.0,Hectare,15000.0,Tonnes,3.123,Tonnes/Hectare
221517,2011-2012,Haryana,6,Gurugram,62,Sesamum,1003.0,Oilseeds,Kharif,190.0,Hectare,100.0,Tonnes,0.526,Tonnes/Hectare
221518,2011-2012,Haryana,6,Gurugram,62,Sugarcane,401.0,Sugar,Whole Year,5.0,Hectare,,Tonnes,0.0,Tonnes/Hectare
221519,2011-2012,Haryana,6,Gurugram,62,Sweet Potato,703.0,Vegetable,Whole Year,18.0,Hectare,,Tonnes,0.0,Tonnes/Hectare
221520,2011-2012,Haryana,6,Gurugram,62,Wheat,106.0,Cereals,Rabi,52388.0,Hectare,258000.0,Tonnes,4.925,Tonnes/Hectare
233990,2011-2012,Uttar Pradesh,9,Varanasi,187,Arhar/Tur,202.0,Pulses,Kharif,4386.0,Hectare,4069.0,Tonnes,0.928,Tonnes/Hectare
233991,2011-2012,Uttar Pradesh,9,Varanasi,187,Bajra,103.0,Cereals,Kharif,5068.0,Hectare,8017.0,Tonnes,1.582,Tonnes/Hectare
233992,2011-2012,Uttar Pradesh,9,Varanasi,187,Barley,107.0,Cereals,Rabi,362.0,Hectare,694.0,Tonnes,1.917,Tonnes/Hectare
233993,2011-2012,Uttar Pradesh,9,Varanasi,187,Coriander,509.0,Spices,Rabi,19.0,Hectare,10.0,Tonnes,0.526,Tonnes/Hectare
233994,2011-2012,Uttar Pradesh,9,Varanasi,187,Dry Chillies,502.0,Spices,Kharif,407.0,Hectare,338.0,Tonnes,0.83,Tonnes/Hectare
233995,2011-2012,Uttar Pradesh,9,Varanasi,187,Garlic,508.0,Spices,Rabi,1.0,Hectare,5.0,Tonnes,5.0,Tonnes/Hectare
233996,2011-2012,Uttar Pradesh,9,Varanasi,187,Gram,201.0,Pulses,Rabi,2251.0,Hectare,2782.0,Tonnes,1.236,Tonnes/Hectare
233997,2011-2012,Uttar Pradesh,9,Varanasi,187,Guar Seed,727.0,Vegetable,Kharif,53.0,Hectare,43.0,Tonnes,0.811,Tonnes/Hectare
233998,2011-2012,Uttar Pradesh,9,Varanasi,187,Jowar,102.0,Cereals,Kharif,1688.0,Hectare,1787.0,Tonnes,1.059,Tonnes/Hectare
233999,2011-2012,Uttar Pradesh,9,Varanasi,187,Linseed,1005.0,Oilseeds,Rabi,18.0,Hectare,8.0,Tonnes,0.444,Tonnes/Hectare
234000,2011-2012,Uttar Pradesh,9,Varanasi,187,Maize,104.0,Cereals,Kharif,3162.0,Hectare,4610.0,Tonnes,1.458,Tonnes/Hectare
234001,2011-2012,Uttar Pradesh,9,Varanasi,187,Maize,104.0,Cereals,Rabi,14.0,Hectare,34.0,Tonnes,2.429,Tonnes/Hectare
234002,2011-2012,Uttar Pradesh,9,Varanasi,187,Maize,104.0,Cereals,Summer,28.0,Hectare,46.0,Tonnes,1.643,Tonnes/Hectare
234003,2011-2012,Uttar Pradesh,9,Varanasi,187,Maize,104.0,Cereals,Total,3204.0,Hectare,4690.0,Tonnes,1.464,Tonnes/Hectare
234004,2011-2012,Uttar Pradesh,9,Varanasi,187,Masoor,205.0,Pulses,Rabi,195.0,Hectare,204.0,Tonnes,1.046,Tonnes/Hectare
234005,2011-2012,Uttar Pradesh,9,Varanasi,187,Moong(Green Gram),204.0,Pulses,Kharif,270.0,Hectare,115.0,Tonnes,0.426,Tonnes/Hectare
234006,2011-2012,Uttar Pradesh,9,Varanasi,187,Moong(Green Gram),204.0,Pulses,Summer,48.0,Hectare,38.0,Tonnes,0.792,Tonnes/Hectare
234007,2011-2012,Uttar Pradesh,9,Varanasi,187,Moong(Green Gram),204.0,Pulses,Total,318.0,Hectare,153.0,Tonnes,0.481,Tonnes/Hectare
234008,2011-2012,Uttar Pradesh,9,Varanasi,187,Onion,708.0,Vegetable,Rabi,95.0,Hectare,2173.0,Tonnes,22.874,Tonnes/Hectare
234009,2011-2012,Uttar Pradesh,9,Varanasi,187,Onion,708.0,Vegetable,Summer,149.0,Hectare,2425.0,Tonnes,16.275,Tonnes/Hectare
234010,2011-2012,Uttar Pradesh,9,Varanasi,187,Onion,708.0,Vegetable,Total,244.0,Hectare,4598.0,Tonnes,18.844,Tonnes/Hectare
234011,2011-2012,Uttar Pradesh,9,Varanasi,187,Peas & Beans (Pulses),213.0,Pulses,Rabi,2956.0,Hectare,4198.0,Tonnes,1.42,Tonnes/Hectare
234012,2011-2012,Uttar Pradesh,9,Varanasi,187,Potato,701.0,Vegetable,Rabi,3344.0,Hectare,60153.0,Tonnes,17.988,Tonnes/Hectare
234013,2011-2012,Uttar Pradesh,9,Varanasi,187,Rapeseed &Mustard,1004.0,Oilseeds,Rabi,763.0,Hectare,1047.0,Tonnes,1.372,Tonnes/Hectare
234014,2011-2012,Uttar Pradesh,9,Varanasi,187,Rice,101.0,Cereals,Kharif,50950.0,Hectare,112854.0,Tonnes,2.215,Tonnes/Hectare
234015,2011-2012,Uttar Pradesh,9,Varanasi,187,Sannhamp,1104.0,Fiber Crops,Kharif,276.0,Hectare,76.0,Tonnes,0.275,Tonnes/Hectare
234016,2011-2012,Uttar Pradesh,9,Varanasi,187,Sesamum,1003.0,Oilseeds,Kharif,529.0,Hectare,115.0,Tonnes,0.217,Tonnes/Hectare
234017,2011-2012,Uttar Pradesh,9,Varanasi,187,Sugarcane,401.0,Sugar,Kharif,4056.0,Hectare,201869.0,Tonnes,49.77,Tonnes/Hectare
234018,2011-2012,Uttar Pradesh,9,Varanasi,187,Sweet Potato,703.0,Vegetable,Kharif,21.0,Hectare,273.0,Tonnes,13.0,Tonnes/Hectare
234019,2011-2012,Uttar Pradesh,9,Varanasi,187,Urad,203.0,Pulses,Kharif,1970.0,Hectare,1318.0,Tonnes,0.669,Tonnes/Hectare
234020,2011-2012,Uttar Pradesh,9,Varanasi,187,Urad,203.0,Pulses,Summer,36.0,Hectare,30.0,Tonnes,0.833,Tonnes/Hectare
234021,2011-2012,Uttar Pradesh,9,Varanasi,187,Urad,203.0,Pulses,Total,2006.0,Hectare,1348.0,Tonnes,0.672,Tonnes/Hectare
234022,2011-2012,Uttar Pradesh,9,Varanasi,187,Wheat,106.0,Cereals,Rabi,69610.0,Hectare,210381.0,Tonnes,3.022,Tonnes/Hectare
237445,2012-2013,Bihar,10,Purnia,214,Arhar/Tur,202.0,Pulses,Kharif,118.0,Hectare,117.0,Tonnes,0.992,Tonnes/Hectare
237446,2012-2013,Bihar,10,Purnia,214,Gram,201.0,Pulses,Rabi,231.0,Hectare,842.0,Tonnes,3.645,Tonnes/Hectare
237447,2012-2013,Bihar,10,Purnia,214,Horse-Gram,206.0,Pulses,Kharif,472.0,Hectare,457.0,Tonnes,0.968,Tonnes/Hectare
237448,2012-2013,Bihar,10,Purnia,214,Jute,1102.0,Fiber Crops,Kharif,19616.0,Hectare,349166.0,Tonnes,17.8,Tonnes/Hectare
237449,2012-2013,Bihar,10,Purnia,214,Khesari,521.0,Spices,Rabi,1126.0,Hectare,1325.0,Tonnes,1.177,Tonnes/Hectare
237450,2012-2013,Bihar,10,Purnia,214,Linseed,1005.0,Oilseeds,Rabi,560.0,Hectare,486.0,Tonnes,0.868,Tonnes/Hectare
237451,2012-2013,Bihar,10,Purnia,214,Maize,104.0,Cereals,Autumn,11416.0,Hectare,50379.0,Tonnes,4.413,Tonnes/Hectare
237452,2012-2013,Bihar,10,Purnia,214,Maize,104.0,Cereals,Rabi,11123.0,Hectare,33147.0,Tonnes,2.98,Tonnes/Hectare
237453,2012-2013,Bihar,10,Purnia,214,Maize,104.0,Cereals,Summer,16095.0,Hectare,45967.0,Tonnes,2.856,Tonnes/Hectare
237454,2012-2013,Bihar,10,Purnia,214,Maize,104.0,Cereals,Total,38634.0,Hectare,129493.0,Tonnes,3.352,Tonnes/Hectare
237455,2012-2013,Bihar,10,Purnia,214,Masoor,205.0,Pulses,Rabi,2173.0,Hectare,1595.0,Tonnes,0.734,Tonnes/Hectare
237456,2012-2013,Bihar,10,Purnia,214,Mesta,1103.0,Fiber Crops,Kharif,841.0,Hectare,2355.0,Tonnes,2.8,Tonnes/Hectare
237457,2012-2013,Bihar,10,Purnia,214,Moong(Green Gram),204.0,Pulses,Kharif,495.0,Hectare,493.0,Tonnes,0.996,Tonnes/Hectare
237458,2012-2013,Bihar,10,Purnia,214,Moong(Green Gram),204.0,Pulses,Summer,3747.0,Hectare,4987.0,Tonnes,1.331,Tonnes/Hectare
237459,2012-2013,Bihar,10,Purnia,214,Moong(Green Gram),204.0,Pulses,Total,4242.0,Hectare,5480.0,Tonnes,1.292,Tonnes/Hectare
237460,2012-2013,Bihar,10,Purnia,214,Peas & Beans (Pulses),213.0,Pulses,Rabi,176.0,Hectare,183.0,Tonnes,1.04,Tonnes/Hectare
237461,2012-2013,Bihar,10,Purnia,214,Rapeseed &Mustard,1004.0,Oilseeds,Rabi,3799.0,Hectare,4525.0,Tonnes,1.191,Tonnes/Hectare
237462,2012-2013,Bihar,10,Purnia,214,Rice,101.0,Cereals,Autumn,10937.0,Hectare,14470.0,Tonnes,1.323,Tonnes/Hectare
237463,2012-2013,Bihar,10,Purnia,214,Rice,101.0,Cereals,Summer,10674.0,Hectare,21399.0,Tonnes,2.005,Tonnes/Hectare
237464,2012-2013,Bihar,10,Purnia,214,Rice,101.0,Cereals,Total,95364.0,Hectare,187952.0,Tonnes,1.971,Tonnes/Hectare
237465,2012-2013,Bihar,10,Purnia,214,Rice,101.0,Cereals,Winter,73753.0,Hectare,152083.0,Tonnes,2.062,Tonnes/Hectare
237466,2012-2013,Bihar,10,Purnia,214,Sesamum,1003.0,Oilseeds,Kharif,1.0,Hectare,1.0,Tonnes,1.0,Tonnes/Hectare
237467,2012-2013,Bihar,10,Purnia,214,Sugarcane,401.0,Sugar,Whole Year,31.0,Hectare,1447.0,Tonnes,46.677,Tonnes/Hectare
237468,2012-2013,Bihar,10,Purnia,214,Sunflower,1007.0,Oilseeds,Rabi,1388.0,Hectare,1947.0,Tonnes,1.403,Tonnes/Hectare
237469,2012-2013,Bihar,10,Purnia,214,Tobacco,1302.0,Drugs And Narcotics,Whole Year,51.0,Hectare,96.0,Tonnes,1.882,Tonnes/Hectare
237470,2012-2013,Bihar,10,Purnia,214,Urad,203.0,Pulses,Kharif,167.0,Hectare,142.0,Tonnes,0.85,Tonnes/Hectare
237471,2012-2013,Bihar,10,Purnia,214,Wheat,106.0,Cereals,Rabi,42029.0,Hectare,112973.0,Tonnes,2.688,Tonnes/Hectare
239565,2012-2013,Haryana,6,Gurugram,62,Arhar/Tur,202.0,Pulses,Kharif,679.0,Hectare,764.0,Tonnes,1.125,Tonnes/Hectare
239566,2012-2013,Haryana,6,Gurugram,62,Bajra,103.0,Cereals,Kharif,30488.0,Hectare,69000.0,Tonnes,2.263,Tonnes/Hectare
239567,2012-2013,Haryana,6,Gurugram,62,Barley,107.0,Cereals,Rabi,2101.0,Hectare,9000.0,Tonnes,4.284,Tonnes/Hectare
239568,2012-2013,Haryana,6,Gurugram,62,Cotton(Lint),1101.0,Fiber Crops,Kharif,181.0,Hectare,,Tonnes,0.0,Tonnes/Hectare
239569,2012-2013,Haryana,6,Gurugram,62,Groundnut,1001.0,Oilseeds,Kharif,8.0,Hectare,7.0,Tonnes,0.875,Tonnes/Hectare
239570,2012-2013,Haryana,6,Gurugram,62,Guar Seed,727.0,Vegetable,Whole Year,1679.0,Hectare,1091.0,Tonnes,0.65,Tonnes/Hectare
239571,2012-2013,Haryana,6,Gurugram,62,Jowar,102.0,Cereals,Kharif,687.0,Hectare,500.0,Tonnes,0.728,Tonnes/Hectare
239572,2012-2013,Haryana,6,Gurugram,62,Moong(Green Gram),204.0,Pulses,Kharif,4.0,Hectare,2.0,Tonnes,0.5,Tonnes/Hectare
239573,2012-2013,Haryana,6,Gurugram,62,Rapeseed &Mustard,1004.0,Oilseeds,Rabi,14186.0,Hectare,28000.0,Tonnes,1.974,Tonnes/Hectare
239574,2012-2013,Haryana,6,Gurugram,62,Rice,101.0,Cereals,Kharif,4452.0,Hectare,13000.0,Tonnes,2.92,Tonnes/Hectare
239575,2012-2013,Haryana,6,Gurugram,62,Sesamum,1003.0,Oilseeds,Kharif,371.0,Hectare,156.0,Tonnes,0.42,Tonnes/Hectare
239576,2012-2013,Haryana,6,Gurugram,62,Sugarcane,401.0,Sugar,Whole Year,68.0,Hectare,,Tonnes,0.0,Tonnes/Hectare
239577,2012-2013,Haryana,6,Gurugram,62,Sweet Potato,703.0,Vegetable,Whole Year,9.0,Hectare,200.0,Tonnes,22.222,Tonnes/Hectare
239578,2012-2013,Haryana,6,Gurugram,62,Wheat,106.0,Cereals,Rabi,44667.0,Hectare,205000.0,Tonnes,4.59,Tonnes/Hectare
251201,2012-2013,Uttar Pradesh,9,Varanasi,187,Arhar/Tur,202.0,Pulses,Kharif,4217.0,Hectare,4474.0,Tonnes,1.061,Tonnes/Hectare
251202,2012-2013,Uttar Pradesh,9,Varanasi,187,Bajra,103.0,Cereals,Kharif,5470.0,Hectare,6865.0,Tonnes,1.255,Tonnes/Hectare
251203,2012-2013,Uttar Pradesh,9,Varanasi,187,Barley,107.0,Cereals,Rabi,826.0,Hectare,1442.0,Tonnes,1.746,Tonnes/Hectare
251204,2012-2013,Uttar Pradesh,9,Varanasi,187,Coriander,509.0,Spices,Rabi,18.0,Hectare,10.0,Tonnes,0.556,Tonnes/Hectare
251205,2012-2013,Uttar Pradesh,9,Varanasi,187,Dry Chillies,502.0,Spices,Kharif,494.0,Hectare,397.0,Tonnes,0.804,Tonnes/Hectare
251206,2012-2013,Uttar Pradesh,9,Varanasi,187,Gram,201.0,Pulses,Rabi,2330.0,Hectare,2675.0,Tonnes,1.148,Tonnes/Hectare
251207,2012-2013,Uttar Pradesh,9,Varanasi,187,Groundnut,1001.0,Oilseeds,Kharif,1.0,Hectare,1.0,Tonnes,1.0,Tonnes/Hectare
251208,2012-2013,Uttar Pradesh,9,Varanasi,187,Guar Seed,727.0,Vegetable,Kharif,53.0,Hectare,43.0,Tonnes,0.811,Tonnes/Hectare
251209,2012-2013,Uttar Pradesh,9,Varanasi,187,Jowar,102.0,Cereals,Kharif,2398.0,Hectare,3264.0,Tonnes,1.361,Tonnes/Hectare
251210,2012-2013,Uttar Pradesh,9,Varanasi,187,Linseed,1005.0,Oilseeds,Rabi,2.0,Hectare,1.0,Tonnes,0.5,Tonnes/Hectare
251211,2012-2013,Uttar Pradesh,9,Varanasi,187,Maize,104.0,Cereals,Kharif,2880.0,Hectare,5128.0,Tonnes,1.781,Tonnes/Hectare
251212,2012-2013,Uttar Pradesh,9,Varanasi,187,Maize,104.0,Cereals,Rabi,10.0,Hectare,31.0,Tonnes,3.1,Tonnes/Hectare
251213,2012-2013,Uttar Pradesh,9,Varanasi,187,Maize,104.0,Cereals,Summer,31.0,Hectare,57.0,Tonnes,1.839,Tonnes/Hectare
251214,2012-2013,Uttar Pradesh,9,Varanasi,187,Maize,104.0,Cereals,Total,2921.0,Hectare,5216.0,Tonnes,1.786,Tonnes/Hectare
251215,2012-2013,Uttar Pradesh,9,Varanasi,187,Masoor,205.0,Pulses,Rabi,201.0,Hectare,168.0,Tonnes,0.836,Tonnes/Hectare
251216,2012-2013,Uttar Pradesh,9,Varanasi,187,Moong(Green Gram),204.0,Pulses,Kharif,245.0,Hectare,124.0,Tonnes,0.506,Tonnes/Hectare
251217,2012-2013,Uttar Pradesh,9,Varanasi,187,Moong(Green Gram),204.0,Pulses,Summer,49.0,Hectare,45.0,Tonnes,0.918,Tonnes/Hectare
251218,2012-2013,Uttar Pradesh,9,Varanasi,187,Moong(Green Gram),204.0,Pulses,Total,294.0,Hectare,169.0,Tonnes,0.575,Tonnes/Hectare
251219,2012-2013,Uttar Pradesh,9,Varanasi,187,Onion,708.0,Vegetable,Rabi,117.0,Hectare,2691.0,Tonnes,23.0,Tonnes/Hectare
251220,2012-2013,Uttar Pradesh,9,Varanasi,187,Onion,708.0,Vegetable,Summer,148.0,Hectare,2068.0,Tonnes,13.973,Tonnes/Hectare
251221,2012-2013,Uttar Pradesh,9,Varanasi,187,Onion,708.0,Vegetable,Total,265.0,Hectare,4759.0,Tonnes,17.958,Tonnes/Hectare
251222,2012-2013,Uttar Pradesh,9,Varanasi,187,Peas & Beans (Pulses),213.0,Pulses,Rabi,2907.0,Hectare,3397.0,Tonnes,1.169,Tonnes/Hectare
251223,2012-2013,Uttar Pradesh,9,Varanasi,187,Potato,701.0,Vegetable,Rabi,3355.0,Hectare,59669.0,Tonnes,17.785,Tonnes/Hectare
251224,2012-2013,Uttar Pradesh,9,Varanasi,187,Rapeseed &Mustard,1004.0,Oilseeds,Rabi,742.0,Hectare,936.0,Tonnes,1.261,Tonnes/Hectare
251225,2012-2013,Uttar Pradesh,9,Varanasi,187,Rice,101.0,Cereals,Kharif,42757.0,Hectare,103814.0,Tonnes,2.428,Tonnes/Hectare
251226,2012-2013,Uttar Pradesh,9,Varanasi,187,Sannhamp,1104.0,Fiber Crops,Kharif,366.0,Hectare,135.0,Tonnes,0.369,Tonnes/Hectare
251227,2012-2013,Uttar Pradesh,9,Varanasi,187,Sesamum,1003.0,Oilseeds,Kharif,495.0,Hectare,92.0,Tonnes,0.186,Tonnes/Hectare
251228,2012-2013,Uttar Pradesh,9,Varanasi,187,Sugarcane,401.0,Sugar,Kharif,4163.0,Hectare,214578.0,Tonnes,51.544,Tonnes/Hectare
251229,2012-2013,Uttar Pradesh,9,Varanasi,187,Sweet Potato,703.0,Vegetable,Kharif,22.0,Hectare,285.0,Tonnes,12.955,Tonnes/Hectare
251230,2012-2013,Uttar Pradesh,9,Varanasi,187,Urad,203.0,Pulses,Kharif,1723.0,Hectare,613.0,Tonnes,0.356,Tonnes/Hectare
251231,2012-2013,Uttar Pradesh,9,Varanasi,187,Urad,203.0,Pulses,Summer,52.0,Hectare,40.0,Tonnes,0.769,Tonnes/Hectare
251232,2012-2013,Uttar Pradesh,9,Varanasi,187,Urad,203.0,Pulses,Total,1775.0,Hectare,653.0,Tonnes,0.368,Tonnes/Hectare
251233,2012-2013,Uttar Pradesh,9,Varanasi,187,Wheat,106.0,Cereals,Rabi,69705.0,Hectare,214609.0,Tonnes,3.079,Tonnes/Hectare
254964,2013-2014,Bihar,10,Purnia,214,Arhar/Tur,202.0,Pulses,Kharif,108.0,Hectare,180.0,Tonnes,1.667,Tonnes/Hectare
254965,2013-2014,Bihar,10,Purnia,214,Gram,201.0,Pulses,Rabi,50.0,Hectare,57.0,Tonnes,1.14,Tonnes/Hectare
254966,2013-2014,Bihar,10,Purnia,214,Horse-Gram,206.0,Pulses,Kharif,472.0,Hectare,449.0,Tonnes,0.951,Tonnes/Hectare
254967,2013-2014,Bihar,10,Purnia,214,Jute,1102.0,Fiber Crops,Kharif,24841.0,Hectare,332455.0,Tonnes,13.383,Tonnes/Hectare
254968,2013-2014,Bihar,10,Purnia,214,Khesari,521.0,Spices,Rabi,827.0,Hectare,724.0,Tonnes,0.875,Tonnes/Hectare
254969,2013-2014,Bihar,10,Purnia,214,Linseed,1005.0,Oilseeds,Rabi,266.0,Hectare,226.0,Tonnes,0.85,Tonnes/Hectare
254970,2013-2014,Bihar,10,Purnia,214,Maize,104.0,Cereals,Autumn,10186.0,Hectare,27499.0,Tonnes,2.7,Tonnes/Hectare
254971,2013-2014,Bihar,10,Purnia,214,Maize,104.0,Cereals,Rabi,11064.0,Hectare,34597.0,Tonnes,3.127,Tonnes/Hectare
254972,2013-2014,Bihar,10,Purnia,214,Maize,104.0,Cereals,Summer,16653.0,Hectare,49076.0,Tonnes,2.947,Tonnes/Hectare
254973,2013-2014,Bihar,10,Purnia,214,Maize,104.0,Cereals,Total,37903.0,Hectare,111172.0,Tonnes,2.933,Tonnes/Hectare
254974,2013-2014,Bihar,10,Purnia,214,Masoor,205.0,Pulses,Rabi,1834.0,Hectare,1396.0,Tonnes,0.761,Tonnes/Hectare
254975,2013-2014,Bihar,10,Purnia,214,Mesta,1103.0,Fiber Crops,Kharif,2881.0,Hectare,47569.0,Tonnes,16.511,Tonnes/Hectare
254976,2013-2014,Bihar,10,Purnia,214,Moong(Green Gram),204.0,Pulses,Kharif,519.0,Hectare,458.0,Tonnes,0.882,Tonnes/Hectare
254977,2013-2014,Bihar,10,Purnia,214,Moong(Green Gram),204.0,Pulses,Summer,4459.0,Hectare,3576.0,Tonnes,0.802,Tonnes/Hectare
254978,2013-2014,Bihar,10,Purnia,214,Moong(Green Gram),204.0,Pulses,Total,4978.0,Hectare,4034.0,Tonnes,0.81,Tonnes/Hectare
254979,2013-2014,Bihar,10,Purnia,214,Peas & Beans (Pulses),213.0,Pulses,Rabi,158.0,Hectare,167.0,Tonnes,1.057,Tonnes/Hectare
254980,2013-2014,Bihar,10,Purnia,214,Rapeseed &Mustard,1004.0,Oilseeds,Rabi,991.0,Hectare,1068.0,Tonnes,1.078,Tonnes/Hectare
254981,2013-2014,Bihar,10,Purnia,214,Rice,101.0,Cereals,Autumn,10583.0,Hectare,19861.0,Tonnes,1.877,Tonnes/Hectare
254982,2013-2014,Bihar,10,Purnia,214,Rice,101.0,Cereals,Summer,10247.0,Hectare,21956.0,Tonnes,2.143,Tonnes/Hectare
254983,2013-2014,Bihar,10,Purnia,214,Rice,101.0,Cereals,Total,94583.0,Hectare,177280.0,Tonnes,1.874,Tonnes/Hectare
254984,2013-2014,Bihar,10,Purnia,214,Rice,101.0,Cereals,Winter,73753.0,Hectare,135463.0,Tonnes,1.837,Tonnes/Hectare
254985,2013-2014,Bihar,10,Purnia,214,Sesamum,1003.0,Oilseeds,Kharif,1.0,Hectare,1.0,Tonnes,1.0,Tonnes/Hectare
254986,2013-2014,Bihar,10,Purnia,214,Sugarcane,401.0,Sugar,Whole Year,48.0,Hectare,2304.0,Tonnes,48.0,Tonnes/Hectare
254987,2013-2014,Bihar,10,Purnia,214,Sunflower,1007.0,Oilseeds,Rabi,2019.0,Hectare,2936.0,Tonnes,1.454,Tonnes/Hectare
254988,2013-2014,Bihar,10,Purnia,214,Urad,203.0,Pulses,Kharif,167.0,Hectare,152.0,Tonnes,0.91,Tonnes/Hectare
254989,2013-2014,Bihar,10,Purnia,214,Wheat,106.0,Cereals,Rabi,40319.0,Hectare,106836.0,Tonnes,2.65,Tonnes/Hectare
257212,2013-2014,Haryana,6,Gurugram,62,Arhar/Tur,202.0,Pulses,Kharif,500.0,Hectare,500.0,Tonnes,1.0,Tonnes/Hectare
257213,2013-2014,Haryana,6,Gurugram,62,Bajra,103.0,Cereals,Kharif,32000.0,Hectare,66000.0,Tonnes,2.062,Tonnes/Hectare
257214,2013-2014,Haryana,6,Gurugram,62,Barley,107.0,Cereals,Rabi,2000.0,Hectare,9000.0,Tonnes,4.5,Tonnes/Hectare
257215,2013-2014,Haryana,6,Gurugram,62,Coriander,509.0,Spices,Whole Year,110.0,Hectare,140.0,Tonnes,1.273,Tonnes/Hectare
257216,2013-2014,Haryana,6,Gurugram,62,Garlic,508.0,Spices,Whole Year,200.0,Hectare,1700.0,Tonnes,8.5,Tonnes/Hectare
257217,2013-2014,Haryana,6,Gurugram,62,Jowar,102.0,Cereals,Kharif,1000.0,Hectare,1000.0,Tonnes,1.0,Tonnes/Hectare
257218,2013-2014,Haryana,6,Gurugram,62,Onion,708.0,Vegetable,Whole Year,448.0,Hectare,10476.0,Tonnes,23.384,Tonnes/Hectare
257219,2013-2014,Haryana,6,Gurugram,62,Peas & Beans (Pulses),213.0,Pulses,Kharif,600.0,Hectare,4075.0,Tonnes,6.792,Tonnes/Hectare
257220,2013-2014,Haryana,6,Gurugram,62,Potato,701.0,Vegetable,Whole Year,110.0,Hectare,2556.0,Tonnes,23.236,Tonnes/Hectare
257221,2013-2014,Haryana,6,Gurugram,62,Rapeseed &Mustard,1004.0,Oilseeds,Rabi,13000.0,Hectare,21000.0,Tonnes,1.615,Tonnes/Hectare
257222,2013-2014,Haryana,6,Gurugram,62,Rice,101.0,Cereals,Kharif,5000.0,Hectare,16000.0,Tonnes,3.2,Tonnes/Hectare
257223,2013-2014,Haryana,6,Gurugram,62,Sesamum,1003.0,Oilseeds,Kharif,300.0,Hectare,200.0,Tonnes,0.667,Tonnes/Hectare
257224,2013-2014,Haryana,6,Gurugram,62,Wheat,106.0,Cereals,Rabi,48000.0,Hectare,215000.0,Tonnes,4.479,Tonnes/Hectare
269826,2013-2014,Uttar Pradesh,9,Varanasi,187,Arhar/Tur,202.0,Pulses,Kharif,4226.0,Hectare,4061.0,Tonnes,0.961,Tonnes/Hectare
269827,2013-2014,Uttar Pradesh,9,Varanasi,187,Bajra,103.0,Cereals,Kharif,5283.0,Hectare,5550.0,Tonnes,1.051,Tonnes/Hectare
269828,2013-2014,Uttar Pradesh,9,Varanasi,187,Barley,107.0,Cereals,Rabi,149.0,Hectare,275.0,Tonnes,1.846,Tonnes/Hectare
269829,2013-2014,Uttar Pradesh,9,Varanasi,187,Coriander,509.0,Spices,Rabi,17.0,Hectare,9.0,Tonnes,0.529,Tonnes/Hectare
269830,2013-2014,Uttar Pradesh,9,Varanasi,187,Dry Chillies,502.0,Spices,Kharif,356.0,Hectare,288.0,Tonnes,0.809,Tonnes/Hectare
269831,2013-2014,Uttar Pradesh,9,Varanasi,187,Garlic,508.0,Spices,Rabi,4.0,Hectare,24.0,Tonnes,6.0,Tonnes/Hectare
269832,2013-2014,Uttar Pradesh,9,Varanasi,187,Gram,201.0,Pulses,Rabi,1919.0,Hectare,1834.0,Tonnes,0.956,Tonnes/Hectare
269833,2013-2014,Uttar Pradesh,9,Varanasi,187,Groundnut,1001.0,Oilseeds,Kharif,8.0,Hectare,7.0,Tonnes,0.875,Tonnes/Hectare
269834,2013-2014,Uttar Pradesh,9,Varanasi,187,Guar Seed,727.0,Vegetable,Kharif,54.0,Hectare,44.0,Tonnes,0.815,Tonnes/Hectare
269835,2013-2014,Uttar Pradesh,9,Varanasi,187,Jowar,102.0,Cereals,Kharif,2555.0,Hectare,2065.0,Tonnes,0.808,Tonnes/Hectare
269836,2013-2014,Uttar Pradesh,9,Varanasi,187,Linseed,1005.0,Oilseeds,Rabi,1.0,Hectare,,Tonnes,0.0,Tonnes/Hectare
269837,2013-2014,Uttar Pradesh,9,Varanasi,187,Maize,104.0,Cereals,Kharif,2906.0,Hectare,4902.0,Tonnes,1.687,Tonnes/Hectare
269838,2013-2014,Uttar Pradesh,9,Varanasi,187,Maize,104.0,Cereals,Rabi,6.0,Hectare,21.0,Tonnes,3.5,Tonnes/Hectare
269839,2013-2014,Uttar Pradesh,9,Varanasi,187,Maize,104.0,Cereals,Summer,31.0,Hectare,57.0,Tonnes,1.839,Tonnes/Hectare
269840,2013-2014,Uttar Pradesh,9,Varanasi,187,Maize,104.0,Cereals,Total,2943.0,Hectare,4980.0,Tonnes,1.692,Tonnes/Hectare
269841,2013-2014,Uttar Pradesh,9,Varanasi,187,Masoor,205.0,Pulses,Rabi,184.0,Hectare,135.0,Tonnes,0.734,Tonnes/Hectare
269842,2013-2014,Uttar Pradesh,9,Varanasi,187,Moong(Green Gram),204.0,Pulses,Kharif,283.0,Hectare,91.0,Tonnes,0.322,Tonnes/Hectare
269843,2013-2014,Uttar Pradesh,9,Varanasi,187,Moong(Green Gram),204.0,Pulses,Summer,85.0,Hectare,69.0,Tonnes,0.812,Tonnes/Hectare
269844,2013-2014,Uttar Pradesh,9,Varanasi,187,Moong(Green Gram),204.0,Pulses,Total,368.0,Hectare,160.0,Tonnes,0.435,Tonnes/Hectare
269845,2013-2014,Uttar Pradesh,9,Varanasi,187,Onion,708.0,Vegetable,Rabi,193.0,Hectare,3925.0,Tonnes,20.337,Tonnes/Hectare
269846,2013-2014,Uttar Pradesh,9,Varanasi,187,Onion,708.0,Vegetable,Summer,160.0,Hectare,2280.0,Tonnes,14.25,Tonnes/Hectare
269847,2013-2014,Uttar Pradesh,9,Varanasi,187,Onion,708.0,Vegetable,Total,353.0,Hectare,6205.0,Tonnes,17.578,Tonnes/Hectare
269848,2013-2014,Uttar Pradesh,9,Varanasi,187,Peas & Beans (Pulses),213.0,Pulses,Rabi,2915.0,Hectare,2408.0,Tonnes,0.826,Tonnes/Hectare
269849,2013-2014,Uttar Pradesh,9,Varanasi,187,Potato,701.0,Vegetable,Rabi,3289.0,Hectare,76160.0,Tonnes,23.156,Tonnes/Hectare
269850,2013-2014,Uttar Pradesh,9,Varanasi,187,Rapeseed &Mustard,1004.0,Oilseeds,Rabi,751.0,Hectare,762.0,Tonnes,1.015,Tonnes/Hectare
269851,2013-2014,Uttar Pradesh,9,Varanasi,187,Rice,101.0,Cereals,Kharif,46938.0,Hectare,100964.0,Tonnes,2.151,Tonnes/Hectare
269852,2013-2014,Uttar Pradesh,9,Varanasi,187,Sannhamp,1104.0,Fiber Crops,Kharif,349.0,Hectare,99.0,Tonnes,0.284,Tonnes/Hectare
269853,2013-2014,Uttar Pradesh,9,Varanasi,187,Sesamum,1003.0,Oilseeds,Kharif,638.0,Hectare,94.0,Tonnes,0.147,Tonnes/Hectare
269854,2013-2014,Uttar Pradesh,9,Varanasi,187,Sugarcane,401.0,Sugar,Kharif,3901.0,Hectare,236962.0,Tonnes,60.744,Tonnes/Hectare
269855,2013-2014,Uttar Pradesh,9,Varanasi,187,Sweet Potato,703.0,Vegetable,Kharif,29.0,Hectare,383.0,Tonnes,13.207,Tonnes/Hectare
269856,2013-2014,Uttar Pradesh,9,Varanasi,187,Urad,203.0,Pulses,Kharif,2549.0,Hectare,1147.0,Tonnes,0.45,Tonnes/Hectare
269857,2013-2014,Uttar Pradesh,9,Varanasi,187,Urad,203.0,Pulses,Summer,97.0,Hectare,79.0,Tonnes,0.814,Tonnes/Hectare
269858,2013-2014,Uttar Pradesh,9,Varanasi,187,Urad,203.0,Pulses,Total,2646.0,Hectare,1226.0,Tonnes,0.463,Tonnes/Hectare
269859,2013-2014,Uttar Pradesh,9,Varanasi,187,Wheat,106.0,Cereals,Rabi,69399.0,Hectare,188955.0,Tonnes,2.723,Tonnes/Hectare
273583,2014-2015,Bihar,10,Purnia,214,Arhar/Tur,202.0,Pulses,Kharif,118.0,Hectare,170.0,Tonnes,1.441,Tonnes/Hectare
273584,2014-2015,Bihar,10,Purnia,214,Gram,201.0,Pulses,Rabi,28.0,Hectare,27.0,Tonnes,0.964,Tonnes/Hectare
273585,2014-2015,Bihar,10,Purnia,214,Horse-Gram,206.0,Pulses,Kharif,242.0,Hectare,232.0,Tonnes,0.959,Tonnes/Hectare
273586,2014-2015,Bihar,10,Purnia,214,Jute,1102.0,Fiber Crops,Kharif,21183.0,Hectare,405654.0,Tonnes,19.15,Tonnes/Hectare
273587,2014-2015,Bihar,10,Purnia,214,Khesari,521.0,Spices,Rabi,117.0,Hectare,116.0,Tonnes,0.991,Tonnes/Hectare
273588,2014-2015,Bihar,10,Purnia,214,Maize,104.0,Cereals,Autumn,7813.0,Hectare,20794.0,Tonnes,2.661,Tonnes/Hectare
273589,2014-2015,Bihar,10,Purnia,214,Maize,104.0,Cereals,Rabi,11323.0,Hectare,20563.0,Tonnes,1.816,Tonnes/Hectare
273590,2014-2015,Bihar,10,Purnia,214,Maize,104.0,Cereals,Summer,16468.0,Hectare,36213.0,Tonnes,2.199,Tonnes/Hectare
273591,2014-2015,Bihar,10,Purnia,214,Maize,104.0,Cereals,Total,35604.0,Hectare,77570.0,Tonnes,2.179,Tonnes/Hectare
273592,2014-2015,Bihar,10,Purnia,214,Masoor,205.0,Pulses,Rabi,1576.0,Hectare,1461.0,Tonnes,0.927,Tonnes/Hectare
273593,2014-2015,Bihar,10,Purnia,214,Mesta,1103.0,Fiber Crops,Kharif,1501.0,Hectare,27226.0,Tonnes,18.139,Tonnes/Hectare
273594,2014-2015,Bihar,10,Purnia,214,Moong(Green Gram),204.0,Pulses,Kharif,379.0,Hectare,157.0,Tonnes,0.414,Tonnes/Hectare
273595,2014-2015,Bihar,10,Purnia,214,Moong(Green Gram),204.0,Pulses,Summer,4424.0,Hectare,2769.0,Tonnes,0.626,Tonnes/Hectare
273596,2014-2015,Bihar,10,Purnia,214,Moong(Green Gram),204.0,Pulses,Total,4803.0,Hectare,2926.0,Tonnes,0.609,Tonnes/Hectare
273597,2014-2015,Bihar,10,Purnia,214,Peas & Beans (Pulses),213.0,Pulses,Rabi,165.0,Hectare,167.0,Tonnes,1.012,Tonnes/Hectare
273598,2014-2015,Bihar,10,Purnia,214,Rapeseed &Mustard,1004.0,Oilseeds,Rabi,1223.0,Hectare,1464.0,Tonnes,1.197,Tonnes/Hectare
273599,2014-2015,Bihar,10,Purnia,214,Rice,101.0,Cereals,Autumn,9483.0,Hectare,18508.0,Tonnes,1.952,Tonnes/Hectare
273600,2014-2015,Bihar,10,Purnia,214,Rice,101.0,Cereals,Summer,9893.0,Hectare,24699.0,Tonnes,2.497,Tonnes/Hectare
273601,2014-2015,Bihar,10,Purnia,214,Rice,101.0,Cereals,Total,85477.0,Hectare,229113.0,Tonnes,2.68,Tonnes/Hectare
273602,2014-2015,Bihar,10,Purnia,214,Rice,101.0,Cereals,Winter,66101.0,Hectare,185906.0,Tonnes,2.812,Tonnes/Hectare
273603,2014-2015,Bihar,10,Purnia,214,Sesamum,1003.0,Oilseeds,Kharif,2.0,Hectare,2.0,Tonnes,1.0,Tonnes/Hectare
273604,2014-2015,Bihar,10,Purnia,214,Sugarcane,401.0,Sugar,Whole Year,49.0,Hectare,3055.0,Tonnes,62.347,Tonnes/Hectare
273605,2014-2015,Bihar,10,Purnia,214,Sunflower,1007.0,Oilseeds,Rabi,1627.0,Hectare,2366.0,Tonnes,1.454,Tonnes/Hectare
273606,2014-2015,Bihar,10,Purnia,214,Urad,203.0,Pulses,Kharif,122.0,Hectare,112.0,Tonnes,0.918,Tonnes/Hectare
273607,2014-2015,Bihar,10,Purnia,214,Wheat,106.0,Cereals,Rabi,39726.0,Hectare,23947.0,Tonnes,0.603,Tonnes/Hectare
275992,2014-2015,Haryana,6,Gurugram,62,Arhar/Tur,202.0,Pulses,Kharif,400.0,Hectare,,Tonnes,0.0,Tonnes/Hectare
275993,2014-2015,Haryana,6,Gurugram,62,Bajra,103.0,Cereals,Kharif,31000.0,Hectare,56000.0,Tonnes,1.806,Tonnes/Hectare
275994,2014-2015,Haryana,6,Gurugram,62,Barley,107.0,Cereals,Rabi,1000.0,Hectare,4000.0,Tonnes,4.0,Tonnes/Hectare
275995,2014-2015,Haryana,6,Gurugram,62,Coriander,509.0,Spices,Whole Year,4.0,Hectare,4.0,Tonnes,1.0,Tonnes/Hectare
275996,2014-2015,Haryana,6,Gurugram,62,Garlic,508.0,Spices,Whole Year,18.0,Hectare,275.0,Tonnes,15.278,Tonnes/Hectare
275997,2014-2015,Haryana,6,Gurugram,62,Jowar,102.0,Cereals,Kharif,1000.0,Hectare,,Tonnes,0.0,Tonnes/Hectare
275998,2014-2015,Haryana,6,Gurugram,62,Onion,708.0,Vegetable,Whole Year,500.0,Hectare,11326.0,Tonnes,22.652,Tonnes/Hectare
275999,2014-2015,Haryana,6,Gurugram,62,Peas & Beans (Pulses),213.0,Pulses,Kharif,650.0,Hectare,5100.0,Tonnes,7.846,Tonnes/Hectare
276000,2014-2015,Haryana,6,Gurugram,62,Potato,701.0,Vegetable,Whole Year,150.0,Hectare,3597.0,Tonnes,23.98,Tonnes/Hectare
276001,2014-2015,Haryana,6,Gurugram,62,Rapeseed &Mustard,1004.0,Oilseeds,Rabi,10000.0,Hectare,13000.0,Tonnes,1.3,Tonnes/Hectare
276002,2014-2015,Haryana,6,Gurugram,62,Rice,101.0,Cereals,Kharif,5000.0,Hectare,16000.0,Tonnes,3.2,Tonnes/Hectare
276003,2014-2015,Haryana,6,Gurugram,62,Sesamum,1003.0,Oilseeds,Kharif,400.0,Hectare,300.0,Tonnes,0.75,Tonnes/Hectare
276004,2014-2015,Haryana,6,Gurugram,62,Wheat,106.0,Cereals,Rabi,49000.0,Hectare,155000.0,Tonnes,3.163,Tonnes/Hectare
287719,2014-2015,Uttar Pradesh,9,Varanasi,187,Arhar/Tur,202.0,Pulses,Kharif,4062.0,Hectare,3537.0,Tonnes,0.871,Tonnes/Hectare
287720,2014-2015,Uttar Pradesh,9,Varanasi,187,Bajra,103.0,Cereals,Kharif,5430.0,Hectare,5898.0,Tonnes,1.086,Tonnes/Hectare
287721,2014-2015,Uttar Pradesh,9,Varanasi,187,Barley,107.0,Cereals,Rabi,162.0,Hectare,283.0,Tonnes,1.747,Tonnes/Hectare
287722,2014-2015,Uttar Pradesh,9,Varanasi,187,Coriander,509.0,Spices,Rabi,23.0,Hectare,11.0,Tonnes,0.478,Tonnes/Hectare
287723,2014-2015,Uttar Pradesh,9,Varanasi,187,Dry Chillies,502.0,Spices,Kharif,291.0,Hectare,240.0,Tonnes,0.825,Tonnes/Hectare
287724,2014-2015,Uttar Pradesh,9,Varanasi,187,Garlic,508.0,Spices,Rabi,4.0,Hectare,23.0,Tonnes,5.75,Tonnes/Hectare
287725,2014-2015,Uttar Pradesh,9,Varanasi,187,Gram,201.0,Pulses,Rabi,2078.0,Hectare,1261.0,Tonnes,0.607,Tonnes/Hectare
287726,2014-2015,Uttar Pradesh,9,Varanasi,187,Guar Seed,727.0,Vegetable,Kharif,14.0,Hectare,12.0,Tonnes,0.857,Tonnes/Hectare
287727,2014-2015,Uttar Pradesh,9,Varanasi,187,Jowar,102.0,Cereals,Kharif,2243.0,Hectare,2195.0,Tonnes,0.979,Tonnes/Hectare
287728,2014-2015,Uttar Pradesh,9,Varanasi,187,Linseed,1005.0,Oilseeds,Rabi,1.0,Hectare,1.0,Tonnes,1.0,Tonnes/Hectare
287729,2014-2015,Uttar Pradesh,9,Varanasi,187,Maize,104.0,Cereals,Kharif,2791.0,Hectare,4446.0,Tonnes,1.593,Tonnes/Hectare
287730,2014-2015,Uttar Pradesh,9,Varanasi,187,Maize,104.0,Cereals,Rabi,22.0,Hectare,52.0,Tonnes,2.364,Tonnes/Hectare
287731,2014-2015,Uttar Pradesh,9,Varanasi,187,Maize,104.0,Cereals,Summer,59.0,Hectare,105.0,Tonnes,1.78,Tonnes/Hectare
287732,2014-2015,Uttar Pradesh,9,Varanasi,187,Maize,104.0,Cereals,Total,2872.0,Hectare,4603.0,Tonnes,1.603,Tonnes/Hectare
287733,2014-2015,Uttar Pradesh,9,Varanasi,187,Masoor,205.0,Pulses,Rabi,178.0,Hectare,102.0,Tonnes,0.573,Tonnes/Hectare
287734,2014-2015,Uttar Pradesh,9,Varanasi,187,Moong(Green Gram),204.0,Pulses,Kharif,241.0,Hectare,77.0,Tonnes,0.32,Tonnes/Hectare
287735,2014-2015,Uttar Pradesh,9,Varanasi,187,Moong(Green Gram),204.0,Pulses,Summer,61.0,Hectare,36.0,Tonnes,0.59,Tonnes/Hectare
287736,2014-2015,Uttar Pradesh,9,Varanasi,187,Moong(Green Gram),204.0,Pulses,Total,302.0,Hectare,113.0,Tonnes,0.374,Tonnes/Hectare
287737,2014-2015,Uttar Pradesh,9,Varanasi,187,Onion,708.0,Vegetable,Rabi,84.0,Hectare,1285.0,Tonnes,15.298,Tonnes/Hectare
287738,2014-2015,Uttar Pradesh,9,Varanasi,187,Onion,708.0,Vegetable,Summer,169.0,Hectare,2382.0,Tonnes,14.095,Tonnes/Hectare
287739,2014-2015,Uttar Pradesh,9,Varanasi,187,Onion,708.0,Vegetable,Total,253.0,Hectare,3667.0,Tonnes,14.494,Tonnes/Hectare
287740,2014-2015,Uttar Pradesh,9,Varanasi,187,Peas & Beans (Pulses),213.0,Pulses,Rabi,2912.0,Hectare,2097.0,Tonnes,0.72,Tonnes/Hectare
287741,2014-2015,Uttar Pradesh,9,Varanasi,187,Potato,701.0,Vegetable,Rabi,3237.0,Hectare,55612.0,Tonnes,17.18,Tonnes/Hectare
287742,2014-2015,Uttar Pradesh,9,Varanasi,187,Rapeseed &Mustard,1004.0,Oilseeds,Rabi,705.0,Hectare,547.0,Tonnes,0.776,Tonnes/Hectare
287743,2014-2015,Uttar Pradesh,9,Varanasi,187,Rice,101.0,Cereals,Kharif,43862.0,Hectare,101848.0,Tonnes,2.322,Tonnes/Hectare
287744,2014-2015,Uttar Pradesh,9,Varanasi,187,Sannhamp,1104.0,Fiber Crops,Kharif,357.0,Hectare,137.0,Tonnes,0.384,Tonnes/Hectare
287745,2014-2015,Uttar Pradesh,9,Varanasi,187,Sesamum,1003.0,Oilseeds,Kharif,336.0,Hectare,66.0,Tonnes,0.196,Tonnes/Hectare
287746,2014-2015,Uttar Pradesh,9,Varanasi,187,Sugarcane,401.0,Sugar,Kharif,3996.0,Hectare,252707.0,Tonnes,63.24,Tonnes/Hectare
287747,2014-2015,Uttar Pradesh,9,Varanasi,187,Sweet Potato,703.0,Vegetable,Kharif,43.0,Hectare,533.0,Tonnes,12.395,Tonnes/Hectare
287748,2014-2015,Uttar Pradesh,9,Varanasi,187,Urad,203.0,Pulses,Kharif,2162.0,Hectare,1431.0,Tonnes,0.662,Tonnes/Hectare
287749,2014-2015,Uttar Pradesh,9,Varanasi,187,Urad,203.0,Pulses,Summer,90.0,Hectare,51.0,Tonnes,0.567,Tonnes/Hectare
287750,2014-2015,Uttar Pradesh,9,Varanasi,187,Urad,203.0,Pulses,Total,2252.0,Hectare,1482.0,Tonnes,0.658,Tonnes/Hectare
287751,2014-2015,Uttar Pradesh,9,Varanasi,187,Wheat,106.0,Cereals,Rabi,68617.0,Hectare,127010.0,Tonnes,1.851,Tonnes/Hectare
291345,2015-2016,Bihar,10,Purnia,214,Arhar/Tur,202.0,Pulses,Kharif,110.0,Hectare,173.0,Tonnes,1.573,Tonnes/Hectare
291346,2015-2016,Bihar,10,Purnia,214,Horse-Gram,206.0,Pulses,Kharif,216.0,Hectare,207.0,Tonnes,0.958,Tonnes/Hectare
291347,2015-2016,Bihar,10,Purnia,214,Jute,1102.0,Fiber Crops,Kharif,18473.0,Hectare,220342.0,Tonnes,11.928,Tonnes/Hectare
291348,2015-2016,Bihar,10,Purnia,214,Khesari,521.0,Spices,Rabi,113.0,Hectare,106.0,Tonnes,0.938,Tonnes/Hectare
291349,2015-2016,Bihar,10,Purnia,214,Linseed,1005.0,Oilseeds,Rabi,445.0,Hectare,382.0,Tonnes,0.858,Tonnes/Hectare
291350,2015-2016,Bihar,10,Purnia,214,Maize,104.0,Cereals,Autumn,9927.0,Hectare,27062.0,Tonnes,2.726,Tonnes/Hectare
291351,2015-2016,Bihar,10,Purnia,214,Maize,104.0,Cereals,Rabi,13250.0,Hectare,55226.0,Tonnes,4.168,Tonnes/Hectare
291352,2015-2016,Bihar,10,Purnia,214,Maize,104.0,Cereals,Summer,16321.0,Hectare,93878.0,Tonnes,5.752,Tonnes/Hectare
291353,2015-2016,Bihar,10,Purnia,214,Maize,104.0,Cereals,Total,39498.0,Hectare,176166.0,Tonnes,4.46,Tonnes/Hectare
291354,2015-2016,Bihar,10,Purnia,214,Masoor,205.0,Pulses,Rabi,1607.0,Hectare,1334.0,Tonnes,0.83,Tonnes/Hectare
291355,2015-2016,Bihar,10,Purnia,214,Mesta,1103.0,Fiber Crops,Kharif,1852.0,Hectare,27368.0,Tonnes,14.778,Tonnes/Hectare
291356,2015-2016,Bihar,10,Purnia,214,Moong(Green Gram),204.0,Pulses,Kharif,348.0,Hectare,206.0,Tonnes,0.592,Tonnes/Hectare
291357,2015-2016,Bihar,10,Purnia,214,Moong(Green Gram),204.0,Pulses,Summer,3214.0,Hectare,3031.0,Tonnes,0.943,Tonnes/Hectare
291358,2015-2016,Bihar,10,Purnia,214,Moong(Green Gram),204.0,Pulses,Total,3562.0,Hectare,3237.0,Tonnes,0.909,Tonnes/Hectare
291359,2015-2016,Bihar,10,Purnia,214,Peas & Beans (Pulses),213.0,Pulses,Rabi,153.0,Hectare,161.0,Tonnes,1.052,Tonnes/Hectare
291360,2015-2016,Bihar,10,Purnia,214,Rapeseed &Mustard,1004.0,Oilseeds,Rabi,246.0,Hectare,201.0,Tonnes,0.817,Tonnes/Hectare
291361,2015-2016,Bihar,10,Purnia,214,Rice,101.0,Cereals,Autumn,8090.0,Hectare,14669.0,Tonnes,1.813,Tonnes/Hectare
291362,2015-2016,Bihar,10,Purnia,214,Rice,101.0,Cereals,Summer,10176.0,Hectare,24714.0,Tonnes,2.429,Tonnes/Hectare
291363,2015-2016,Bihar,10,Purnia,214,Rice,101.0,Cereals,Total,86061.0,Hectare,167109.0,Tonnes,1.942,Tonnes/Hectare
291364,2015-2016,Bihar,10,Purnia,214,Rice,101.0,Cereals,Winter,67795.0,Hectare,127726.0,Tonnes,1.884,Tonnes/Hectare
291365,2015-2016,Bihar,10,Purnia,214,Sesamum,1003.0,Oilseeds,Kharif,38.0,Hectare,33.0,Tonnes,0.868,Tonnes/Hectare
291366,2015-2016,Bihar,10,Purnia,214,Sugarcane,401.0,Sugar,Whole Year,35.0,Hectare,1667.0,Tonnes,47.629,Tonnes/Hectare
291367,2015-2016,Bihar,10,Purnia,214,Sunflower,1007.0,Oilseeds,Rabi,1566.0,Hectare,2265.0,Tonnes,1.446,Tonnes/Hectare
291368,2015-2016,Bihar,10,Purnia,214,Urad,203.0,Pulses,Kharif,2.0,Hectare,2.0,Tonnes,1.0,Tonnes/Hectare
291369,2015-2016,Bihar,10,Purnia,214,Wheat,106.0,Cereals,Rabi,26730.0,Hectare,93128.0,Tonnes,3.484,Tonnes/Hectare
293717,2015-2016,Haryana,6,Gurugram,62,Arhar/Tur,202.0,Pulses,Kharif,400.0,Hectare,500.0,Tonnes,1.25,Tonnes/Hectare
293718,2015-2016,Haryana,6,Gurugram,62,Bajra,103.0,Cereals,Kharif,32000.0,Hectare,61000.0,Tonnes,1.906,Tonnes/Hectare
293719,2015-2016,Haryana,6,Gurugram,62,Barley,107.0,Cereals,Rabi,1000.0,Hectare,4000.0,Tonnes,4.0,Tonnes/Hectare
293720,2015-2016,Haryana,6,Gurugram,62,Coriander,509.0,Spices,Whole Year,5.0,Hectare,20.0,Tonnes,4.0,Tonnes/Hectare
293721,2015-2016,Haryana,6,Gurugram,62,Cotton(Lint),1101.0,Fiber Crops,Kharif,1000.0,Hectare,2000.0,Tonnes,2.0,Tonnes/Hectare
293722,2015-2016,Haryana,6,Gurugram,62,Garlic,508.0,Spices,Whole Year,35.0,Hectare,380.0,Tonnes,10.857,Tonnes/Hectare
293723,2015-2016,Haryana,6,Gurugram,62,Jowar,102.0,Cereals,Kharif,1000.0,Hectare,1000.0,Tonnes,1.0,Tonnes/Hectare
293724,2015-2016,Haryana,6,Gurugram,62,Onion,708.0,Vegetable,Whole Year,500.0,Hectare,11445.0,Tonnes,22.89,Tonnes/Hectare
293725,2015-2016,Haryana,6,Gurugram,62,Peas & Beans (Pulses),213.0,Pulses,Kharif,600.0,Hectare,5100.0,Tonnes,8.5,Tonnes/Hectare
293726,2015-2016,Haryana,6,Gurugram,62,Potato,701.0,Vegetable,Whole Year,160.0,Hectare,3986.0,Tonnes,24.912,Tonnes/Hectare
293727,2015-2016,Haryana,6,Gurugram,62,Rapeseed &Mustard,1004.0,Oilseeds,Rabi,10000.0,Hectare,17000.0,Tonnes,1.7,Tonnes/Hectare
293728,2015-2016,Haryana,6,Gurugram,62,Rice,101.0,Cereals,Kharif,5000.0,Hectare,15000.0,Tonnes,3.0,Tonnes/Hectare
293729,2015-2016,Haryana,6,Gurugram,62,Sesamum,1003.0,Oilseeds,Kharif,800.0,Hectare,400.0,Tonnes,0.5,Tonnes/Hectare
293730,2015-2016,Haryana,6,Gurugram,62,Wheat,106.0,Cereals,Rabi,50000.0,Hectare,215000.0,Tonnes,4.3,Tonnes/Hectare
306270,2015-2016,Uttar Pradesh,9,Varanasi,187,Arhar/Tur,202.0,Pulses,Kharif,4115.0,Hectare,3496.0,Tonnes,0.85,Tonnes/Hectare
306271,2015-2016,Uttar Pradesh,9,Varanasi,187,Bajra,103.0,Cereals,Kharif,5249.0,Hectare,3956.0,Tonnes,0.754,Tonnes/Hectare
306272,2015-2016,Uttar Pradesh,9,Varanasi,187,Barley,107.0,Cereals,Rabi,374.0,Hectare,640.0,Tonnes,1.711,Tonnes/Hectare
306273,2015-2016,Uttar Pradesh,9,Varanasi,187,Coriander,509.0,Spices,Rabi,17.0,Hectare,6.0,Tonnes,0.353,Tonnes/Hectare
306274,2015-2016,Uttar Pradesh,9,Varanasi,187,Dry Chillies,502.0,Spices,Kharif,646.0,Hectare,489.0,Tonnes,0.757,Tonnes/Hectare
306275,2015-2016,Uttar Pradesh,9,Varanasi,187,Garlic,508.0,Spices,Rabi,4.0,Hectare,23.0,Tonnes,5.75,Tonnes/Hectare
306276,2015-2016,Uttar Pradesh,9,Varanasi,187,Gram,201.0,Pulses,Rabi,2070.0,Hectare,2210.0,Tonnes,1.068,Tonnes/Hectare
306277,2015-2016,Uttar Pradesh,9,Varanasi,187,Groundnut,1001.0,Oilseeds,Kharif,1.0,Hectare,1.0,Tonnes,1.0,Tonnes/Hectare
306278,2015-2016,Uttar Pradesh,9,Varanasi,187,Guar Seed,727.0,Vegetable,Kharif,103.0,Hectare,85.0,Tonnes,0.825,Tonnes/Hectare
306279,2015-2016,Uttar Pradesh,9,Varanasi,187,Jowar,102.0,Cereals,Kharif,2420.0,Hectare,2029.0,Tonnes,0.838,Tonnes/Hectare
306280,2015-2016,Uttar Pradesh,9,Varanasi,187,Linseed,1005.0,Oilseeds,Rabi,6.0,Hectare,1.0,Tonnes,0.167,Tonnes/Hectare
306281,2015-2016,Uttar Pradesh,9,Varanasi,187,Maize,104.0,Cereals,Kharif,2811.0,Hectare,4318.0,Tonnes,1.536,Tonnes/Hectare
306282,2015-2016,Uttar Pradesh,9,Varanasi,187,Maize,104.0,Cereals,Rabi,59.0,Hectare,129.0,Tonnes,2.186,Tonnes/Hectare
306283,2015-2016,Uttar Pradesh,9,Varanasi,187,Maize,104.0,Cereals,Summer,52.0,Hectare,96.0,Tonnes,1.846,Tonnes/Hectare
306284,2015-2016,Uttar Pradesh,9,Varanasi,187,Maize,104.0,Cereals,Total,2922.0,Hectare,4543.0,Tonnes,1.555,Tonnes/Hectare
306285,2015-2016,Uttar Pradesh,9,Varanasi,187,Masoor,205.0,Pulses,Rabi,187.0,Hectare,155.0,Tonnes,0.829,Tonnes/Hectare
306286,2015-2016,Uttar Pradesh,9,Varanasi,187,Moong(Green Gram),204.0,Pulses,Kharif,238.0,Hectare,52.0,Tonnes,0.218,Tonnes/Hectare
306287,2015-2016,Uttar Pradesh,9,Varanasi,187,Moong(Green Gram),204.0,Pulses,Summer,68.0,Hectare,50.0,Tonnes,0.735,Tonnes/Hectare
306288,2015-2016,Uttar Pradesh,9,Varanasi,187,Moong(Green Gram),204.0,Pulses,Total,306.0,Hectare,102.0,Tonnes,0.333,Tonnes/Hectare
306289,2015-2016,Uttar Pradesh,9,Varanasi,187,Onion,708.0,Vegetable,Rabi,88.0,Hectare,1035.0,Tonnes,11.761,Tonnes/Hectare
306290,2015-2016,Uttar Pradesh,9,Varanasi,187,Onion,708.0,Vegetable,Summer,152.0,Hectare,2468.0,Tonnes,16.237,Tonnes/Hectare
306291,2015-2016,Uttar Pradesh,9,Varanasi,187,Onion,708.0,Vegetable,Total,240.0,Hectare,3503.0,Tonnes,14.596,Tonnes/Hectare
306292,2015-2016,Uttar Pradesh,9,Varanasi,187,Peas & Beans (Pulses),213.0,Pulses,Rabi,2930.0,Hectare,3147.0,Tonnes,1.074,Tonnes/Hectare
306293,2015-2016,Uttar Pradesh,9,Varanasi,187,Potato,701.0,Vegetable,Rabi,3140.0,Hectare,54514.0,Tonnes,17.361,Tonnes/Hectare
306294,2015-2016,Uttar Pradesh,9,Varanasi,187,Rapeseed &Mustard,1004.0,Oilseeds,Rabi,704.0,Hectare,282.0,Tonnes,0.401,Tonnes/Hectare
306295,2015-2016,Uttar Pradesh,9,Varanasi,187,Rice,101.0,Cereals,Kharif,45770.0,Hectare,94240.0,Tonnes,2.059,Tonnes/Hectare
306296,2015-2016,Uttar Pradesh,9,Varanasi,187,Sannhamp,1104.0,Fiber Crops,Kharif,322.0,Hectare,92.0,Tonnes,0.286,Tonnes/Hectare
306297,2015-2016,Uttar Pradesh,9,Varanasi,187,Sesamum,1003.0,Oilseeds,Kharif,350.0,Hectare,46.0,Tonnes,0.131,Tonnes/Hectare
306298,2015-2016,Uttar Pradesh,9,Varanasi,187,Sugarcane,401.0,Sugar,Kharif,3716.0,Hectare,235639.0,Tonnes,63.412,Tonnes/Hectare
306299,2015-2016,Uttar Pradesh,9,Varanasi,187,Sweet Potato,703.0,Vegetable,Kharif,25.0,Hectare,302.0,Tonnes,12.08,Tonnes/Hectare
306300,2015-2016,Uttar Pradesh,9,Varanasi,187,Urad,203.0,Pulses,Kharif,1904.0,Hectare,1465.0,Tonnes,0.769,Tonnes/Hectare
306301,2015-2016,Uttar Pradesh,9,Varanasi,187,Urad,203.0,Pulses,Summer,112.0,Hectare,73.0,Tonnes,0.652,Tonnes/Hectare
306302,2015-2016,Uttar Pradesh,9,Varanasi,187,Urad,203.0,Pulses,Total,2016.0,Hectare,1538.0,Tonnes,0.763,Tonnes/Hectare
306303,2015-2016,Uttar Pradesh,9,Varanasi,187,Wheat,106.0,Cereals,Rabi,68502.0,Hectare,165021.0,Tonnes,2.409,Tonnes/Hectare
310276,2016-2017,Bihar,10,Purnia,214,Arhar/Tur,202.0,Pulses,Kharif,112.0,Hectare,177.0,Tonnes,1.58,Tonnes/Hectare
310277,2016-2017,Bihar,10,Purnia,214,Gram,201.0,Pulses,Rabi,26.0,Hectare,29.0,Tonnes,1.115,Tonnes/Hectare
310278,2016-2017,Bihar,10,Purnia,214,Horse-Gram,206.0,Pulses,Kharif,220.0,Hectare,207.0,Tonnes,0.941,Tonnes/Hectare
310279,2016-2017,Bihar,10,Purnia,214,Jute,1102.0,Fiber Crops,Kharif,15516.0,Hectare,293077.0,Tonnes,18.889,Tonnes/Hectare
310280,2016-2017,Bihar,10,Purnia,214,Khesari,521.0,Spices,Rabi,352.0,Hectare,373.0,Tonnes,1.06,Tonnes/Hectare
310281,2016-2017,Bihar,10,Purnia,214,Linseed,1005.0,Oilseeds,Rabi,237.0,Hectare,197.0,Tonnes,0.831,Tonnes/Hectare
310282,2016-2017,Bihar,10,Purnia,214,Maize,104.0,Cereals,Autumn,8574.0,Hectare,22416.0,Tonnes,2.614,Tonnes/Hectare
310283,2016-2017,Bihar,10,Purnia,214,Maize,104.0,Cereals,Rabi,11879.0,Hectare,118042.0,Tonnes,9.937,Tonnes/Hectare
310284,2016-2017,Bihar,10,Purnia,214,Maize,104.0,Cereals,Summer,16481.0,Hectare,145082.0,Tonnes,8.803,Tonnes/Hectare
310285,2016-2017,Bihar,10,Purnia,214,Maize,104.0,Cereals,Total,36934.0,Hectare,285540.0,Tonnes,7.731,Tonnes/Hectare
310286,2016-2017,Bihar,10,Purnia,214,Masoor,205.0,Pulses,Rabi,1672.0,Hectare,1466.0,Tonnes,0.877,Tonnes/Hectare
310287,2016-2017,Bihar,10,Purnia,214,Mesta,1103.0,Fiber Crops,Kharif,1716.0,Hectare,6293.0,Tonnes,3.667,Tonnes/Hectare
310288,2016-2017,Bihar,10,Purnia,214,Moong(Green Gram),204.0,Pulses,Kharif,295.0,Hectare,287.0,Tonnes,0.973,Tonnes/Hectare
310289,2016-2017,Bihar,10,Purnia,214,Moong(Green Gram),204.0,Pulses,Summer,4032.0,Hectare,4395.0,Tonnes,1.09,Tonnes/Hectare
310290,2016-2017,Bihar,10,Purnia,214,Moong(Green Gram),204.0,Pulses,Total,4327.0,Hectare,4682.0,Tonnes,1.082,Tonnes/Hectare
310291,2016-2017,Bihar,10,Purnia,214,Onion,708.0,Vegetable,Rabi,144.0,Hectare,1708.0,Tonnes,11.861,Tonnes/Hectare
310292,2016-2017,Bihar,10,Purnia,214,Peas & Beans (Pulses),213.0,Pulses,Rabi,159.0,Hectare,164.0,Tonnes,1.031,Tonnes/Hectare
310293,2016-2017,Bihar,10,Purnia,214,Potato,701.0,Vegetable,Rabi,2534.0,Hectare,26810.0,Tonnes,10.58,Tonnes/Hectare
310294,2016-2017,Bihar,10,Purnia,214,Potato,701.0,Vegetable,Total,11232.0,Hectare,77432.0,Tonnes,6.894,Tonnes/Hectare
310295,2016-2017,Bihar,10,Purnia,214,Potato,701.0,Vegetable,Winter,8698.0,Hectare,50622.0,Tonnes,5.82,Tonnes/Hectare
310296,2016-2017,Bihar,10,Purnia,214,Rapeseed &Mustard,1004.0,Oilseeds,Rabi,820.0,Hectare,1816.0,Tonnes,2.215,Tonnes/Hectare
310297,2016-2017,Bihar,10,Purnia,214,Rice,101.0,Cereals,Autumn,5427.0,Hectare,8250.0,Tonnes,1.52,Tonnes/Hectare
310298,2016-2017,Bihar,10,Purnia,214,Rice,101.0,Cereals,Summer,10105.0,Hectare,28853.0,Tonnes,2.855,Tonnes/Hectare
310299,2016-2017,Bihar,10,Purnia,214,Rice,101.0,Cereals,Total,120954.0,Hectare,276753.0,Tonnes,2.288,Tonnes/Hectare
310300,2016-2017,Bihar,10,Purnia,214,Rice,101.0,Cereals,Winter,105422.0,Hectare,239650.0,Tonnes,2.273,Tonnes/Hectare
310301,2016-2017,Bihar,10,Purnia,214,Sesamum,1003.0,Oilseeds,Kharif,41.0,Hectare,36.0,Tonnes,0.878,Tonnes/Hectare
310302,2016-2017,Bihar,10,Purnia,214,Sugarcane,401.0,Sugar,Whole Year,29.0,Hectare,1557.0,Tonnes,53.69,Tonnes/Hectare
310303,2016-2017,Bihar,10,Purnia,214,Sunflower,1007.0,Oilseeds,Rabi,1701.0,Hectare,2489.0,Tonnes,1.463,Tonnes/Hectare
310305,2016-2017,Bihar,10,Purnia,214,Wheat,106.0,Cereals,Rabi,35389.0,Hectare,85964.0,Tonnes,2.429,Tonnes/Hectare
312686,2016-2017,Haryana,6,Gurugram,62,Bajra,103.0,Cereals,Kharif,31000.0,Hectare,58700.0,Tonnes,1.894,Tonnes/Hectare
312687,2016-2017,Haryana,6,Gurugram,62,Barley,107.0,Cereals,Rabi,1000.0,Hectare,4700.0,Tonnes,4.7,Tonnes/Hectare
312688,2016-2017,Haryana,6,Gurugram,62,Coriander,509.0,Spices,Whole Year,5.0,Hectare,8.0,Tonnes,1.6,Tonnes/Hectare
312689,2016-2017,Haryana,6,Gurugram,62,Cotton(Lint),1101.0,Fiber Crops,Kharif,700.0,Hectare,1200.0,Tonnes,1.714,Tonnes/Hectare
312690,2016-2017,Haryana,6,Gurugram,62,Garlic,508.0,Spices,Whole Year,30.0,Hectare,220.0,Tonnes,7.333,Tonnes/Hectare
312691,2016-2017,Haryana,6,Gurugram,62,Jowar,102.0,Cereals,Kharif,1000.0,Hectare,500.0,Tonnes,0.5,Tonnes/Hectare
312692,2016-2017,Haryana,6,Gurugram,62,Onion,708.0,Vegetable,Whole Year,493.0,Hectare,11217.0,Tonnes,22.753,Tonnes/Hectare
312693,2016-2017,Haryana,6,Gurugram,62,Peas & Beans (Pulses),213.0,Pulses,Kharif,600.0,Hectare,3947.0,Tonnes,6.578,Tonnes/Hectare
312694,2016-2017,Haryana,6,Gurugram,62,Potato,701.0,Vegetable,Whole Year,136.0,Hectare,3248.0,Tonnes,23.882,Tonnes/Hectare
312695,2016-2017,Haryana,6,Gurugram,62,Rapeseed &Mustard,1004.0,Oilseeds,Rabi,9600.0,Hectare,19200.0,Tonnes,2.0,Tonnes/Hectare
312696,2016-2017,Haryana,6,Gurugram,62,Rice,101.0,Cereals,Kharif,5500.0,Hectare,13000.0,Tonnes,2.364,Tonnes/Hectare
312697,2016-2017,Haryana,6,Gurugram,62,Sesamum,1003.0,Oilseeds,Kharif,400.0,Hectare,300.0,Tonnes,0.75,Tonnes/Hectare
312698,2016-2017,Haryana,6,Gurugram,62,Wheat,106.0,Cereals,Rabi,48000.0,Hectare,224000.0,Tonnes,4.667,Tonnes/Hectare
325992,2016-2017,Uttar Pradesh,9,Varanasi,187,Arhar/Tur,202.0,Pulses,Kharif,4168.0,Hectare,3378.0,Tonnes,0.81,Tonnes/Hectare
325993,2016-2017,Uttar Pradesh,9,Varanasi,187,Bajra,103.0,Cereals,Kharif,5045.0,Hectare,3550.0,Tonnes,0.704,Tonnes/Hectare
325994,2016-2017,Uttar Pradesh,9,Varanasi,187,Barley,107.0,Cereals,Rabi,334.0,Hectare,766.0,Tonnes,2.293,Tonnes/Hectare
325995,2016-2017,Uttar Pradesh,9,Varanasi,187,Coriander,509.0,Spices,Rabi,19.0,Hectare,10.0,Tonnes,0.526,Tonnes/Hectare
325996,2016-2017,Uttar Pradesh,9,Varanasi,187,Dry Chillies,502.0,Spices,Kharif,439.0,Hectare,405.0,Tonnes,0.923,Tonnes/Hectare
325997,2016-2017,Uttar Pradesh,9,Varanasi,187,Garlic,508.0,Spices,Rabi,4.0,Hectare,25.0,Tonnes,6.25,Tonnes/Hectare
325998,2016-2017,Uttar Pradesh,9,Varanasi,187,Gram,201.0,Pulses,Rabi,2516.0,Hectare,4238.0,Tonnes,1.684,Tonnes/Hectare
325999,2016-2017,Uttar Pradesh,9,Varanasi,187,Groundnut,1001.0,Oilseeds,Kharif,1.0,Hectare,1.0,Tonnes,1.0,Tonnes/Hectare
326000,2016-2017,Uttar Pradesh,9,Varanasi,187,Guar Seed,727.0,Vegetable,Kharif,55.0,Hectare,40.0,Tonnes,0.727,Tonnes/Hectare
326001,2016-2017,Uttar Pradesh,9,Varanasi,187,Jowar,102.0,Cereals,Kharif,2405.0,Hectare,1951.0,Tonnes,0.811,Tonnes/Hectare
326002,2016-2017,Uttar Pradesh,9,Varanasi,187,Linseed,1005.0,Oilseeds,Rabi,2.0,Hectare,1.0,Tonnes,0.5,Tonnes/Hectare
326003,2016-2017,Uttar Pradesh,9,Varanasi,187,Maize,104.0,Cereals,Kharif,2902.0,Hectare,5087.0,Tonnes,1.753,Tonnes/Hectare
326004,2016-2017,Uttar Pradesh,9,Varanasi,187,Maize,104.0,Cereals,Rabi,12.0,Hectare,34.0,Tonnes,2.833,Tonnes/Hectare
326005,2016-2017,Uttar Pradesh,9,Varanasi,187,Maize,104.0,Cereals,Summer,40.0,Hectare,75.0,Tonnes,1.875,Tonnes/Hectare
326006,2016-2017,Uttar Pradesh,9,Varanasi,187,Maize,104.0,Cereals,Total,2954.0,Hectare,5196.0,Tonnes,1.759,Tonnes/Hectare
326007,2016-2017,Uttar Pradesh,9,Varanasi,187,Masoor,205.0,Pulses,Rabi,197.0,Hectare,177.0,Tonnes,0.898,Tonnes/Hectare
326008,2016-2017,Uttar Pradesh,9,Varanasi,187,Moong(Green Gram),204.0,Pulses,Kharif,292.0,Hectare,121.0,Tonnes,0.414,Tonnes/Hectare
326009,2016-2017,Uttar Pradesh,9,Varanasi,187,Moong(Green Gram),204.0,Pulses,Summer,81.0,Hectare,66.0,Tonnes,0.815,Tonnes/Hectare
326010,2016-2017,Uttar Pradesh,9,Varanasi,187,Moong(Green Gram),204.0,Pulses,Total,373.0,Hectare,187.0,Tonnes,0.501,Tonnes/Hectare
326011,2016-2017,Uttar Pradesh,9,Varanasi,187,Onion,708.0,Vegetable,Rabi,77.0,Hectare,1073.0,Tonnes,13.935,Tonnes/Hectare
326012,2016-2017,Uttar Pradesh,9,Varanasi,187,Onion,708.0,Vegetable,Summer,141.0,Hectare,1846.0,Tonnes,13.092,Tonnes/Hectare
326013,2016-2017,Uttar Pradesh,9,Varanasi,187,Onion,708.0,Vegetable,Total,218.0,Hectare,2919.0,Tonnes,13.39,Tonnes/Hectare
326014,2016-2017,Uttar Pradesh,9,Varanasi,187,Peas & Beans (Pulses),213.0,Pulses,Rabi,2969.0,Hectare,4222.0,Tonnes,1.422,Tonnes/Hectare
326015,2016-2017,Uttar Pradesh,9,Varanasi,187,Potato,701.0,Vegetable,Rabi,3263.0,Hectare,63521.0,Tonnes,19.467,Tonnes/Hectare
326016,2016-2017,Uttar Pradesh,9,Varanasi,187,Rapeseed &Mustard,1004.0,Oilseeds,Rabi,720.0,Hectare,1397.0,Tonnes,1.94,Tonnes/Hectare
326017,2016-2017,Uttar Pradesh,9,Varanasi,187,Rice,101.0,Cereals,Kharif,50288.0,Hectare,123457.0,Tonnes,2.455,Tonnes/Hectare
326018,2016-2017,Uttar Pradesh,9,Varanasi,187,Sannhamp,1104.0,Fiber Crops,Kharif,383.0,Hectare,90.0,Tonnes,0.235,Tonnes/Hectare
326019,2016-2017,Uttar Pradesh,9,Varanasi,187,Sesamum,1003.0,Oilseeds,Kharif,235.0,Hectare,96.0,Tonnes,0.409,Tonnes/Hectare
326020,2016-2017,Uttar Pradesh,9,Varanasi,187,Sugarcane,401.0,Sugar,Kharif,4130.0,Hectare,272365.0,Tonnes,65.948,Tonnes/Hectare
326021,2016-2017,Uttar Pradesh,9,Varanasi,187,Sweet Potato,703.0,Vegetable,Kharif,28.0,Hectare,313.0,Tonnes,11.179,Tonnes/Hectare
326022,2016-2017,Uttar Pradesh,9,Varanasi,187,Urad,203.0,Pulses,Kharif,1984.0,Hectare,2260.0,Tonnes,1.139,Tonnes/Hectare
326023,2016-2017,Uttar Pradesh,9,Varanasi,187,Urad,203.0,Pulses,Summer,100.0,Hectare,70.0,Tonnes,0.7,Tonnes/Hectare
326024,2016-2017,Uttar Pradesh,9,Varanasi,187,Urad,203.0,Pulses,Total,2084.0,Hectare,2330.0,Tonnes,1.118,Tonnes/Hectare
326025,2016-2017,Uttar Pradesh,9,Varanasi,187,Wheat,106.0,Cereals,Rabi,70914.0,Hectare,239146.0,Tonnes,3.372,Tonnes/Hectare
330009,2017-2018,Bihar,10,Purnia,214,Arhar/Tur,202.0,Pulses,Kharif,105.0,Hectare,163.0,Tonnes,1.552,Tonnes/Hectare
330010,2017-2018,Bihar,10,Purnia,214,Horse-Gram,206.0,Pulses,Kharif,191.0,Hectare,177.0,Tonnes,0.927,Tonnes/Hectare
330011,2017-2018,Bihar,10,Purnia,214,Jute,1102.0,Fiber Crops,Kharif,12272.0,Hectare,238827.0,Tonnes,19.461,Tonnes/Hectare
330012,2017-2018,Bihar,10,Purnia,214,Khesari,521.0,Spices,Rabi,109.0,Hectare,115.0,Tonnes,1.055,Tonnes/Hectare
330013,2017-2018,Bihar,10,Purnia,214,Linseed,1005.0,Oilseeds,Rabi,369.0,Hectare,314.0,Tonnes,0.851,Tonnes/Hectare
330014,2017-2018,Bihar,10,Purnia,214,Maize,104.0,Cereals,Autumn,5563.0,Hectare,20762.0,Tonnes,3.732,Tonnes/Hectare
330015,2017-2018,Bihar,10,Purnia,214,Maize,104.0,Cereals,Rabi,12068.0,Hectare,101697.0,Tonnes,8.427,Tonnes/Hectare
330016,2017-2018,Bihar,10,Purnia,214,Maize,104.0,Cereals,Summer,12896.0,Hectare,83244.0,Tonnes,6.455,Tonnes/Hectare
330017,2017-2018,Bihar,10,Purnia,214,Maize,104.0,Cereals,Total,30527.0,Hectare,205703.0,Tonnes,6.738,Tonnes/Hectare
330018,2017-2018,Bihar,10,Purnia,214,Masoor,205.0,Pulses,Rabi,869.0,Hectare,519.0,Tonnes,0.597,Tonnes/Hectare
330019,2017-2018,Bihar,10,Purnia,214,Mesta,1103.0,Fiber Crops,Kharif,1503.0,Hectare,2406.0,Tonnes,1.601,Tonnes/Hectare
330020,2017-2018,Bihar,10,Purnia,214,Moong(Green Gram),204.0,Pulses,Kharif,191.0,Hectare,94.0,Tonnes,0.492,Tonnes/Hectare
330021,2017-2018,Bihar,10,Purnia,214,Moong(Green Gram),204.0,Pulses,Summer,3836.0,Hectare,1369.0,Tonnes,0.357,Tonnes/Hectare
330022,2017-2018,Bihar,10,Purnia,214,Moong(Green Gram),204.0,Pulses,Total,4027.0,Hectare,1463.0,Tonnes,0.363,Tonnes/Hectare
330023,2017-2018,Bihar,10,Purnia,214,Onion,708.0,Vegetable,Rabi,151.0,Hectare,2136.0,Tonnes,14.146,Tonnes/Hectare
330024,2017-2018,Bihar,10,Purnia,214,Peas & Beans (Pulses),213.0,Pulses,Rabi,139.0,Hectare,143.0,Tonnes,1.029,Tonnes/Hectare
330025,2017-2018,Bihar,10,Purnia,214,Potato,701.0,Vegetable,Rabi,1887.0,Hectare,26978.0,Tonnes,14.297,Tonnes/Hectare
330026,2017-2018,Bihar,10,Purnia,214,Potato,701.0,Vegetable,Total,8977.0,Hectare,141127.0,Tonnes,15.721,Tonnes/Hectare
330027,2017-2018,Bihar,10,Purnia,214,Potato,701.0,Vegetable,Winter,7090.0,Hectare,114149.0,Tonnes,16.1,Tonnes/Hectare
330028,2017-2018,Bihar,10,Purnia,214,Rapeseed &Mustard,1004.0,Oilseeds,Rabi,215.0,Hectare,235.0,Tonnes,1.093,Tonnes/Hectare
330029,2017-2018,Bihar,10,Purnia,214,Rice,101.0,Cereals,Autumn,2261.0,Hectare,4461.0,Tonnes,1.973,Tonnes/Hectare
330030,2017-2018,Bihar,10,Purnia,214,Rice,101.0,Cereals,Summer,5488.0,Hectare,12390.0,Tonnes,2.258,Tonnes/Hectare
330031,2017-2018,Bihar,10,Purnia,214,Rice,101.0,Cereals,Total,110996.0,Hectare,217591.0,Tonnes,1.96,Tonnes/Hectare
330032,2017-2018,Bihar,10,Purnia,214,Rice,101.0,Cereals,Winter,103247.0,Hectare,200740.0,Tonnes,1.944,Tonnes/Hectare
330033,2017-2018,Bihar,10,Purnia,214,Sesamum,1003.0,Oilseeds,Kharif,26.0,Hectare,23.0,Tonnes,0.885,Tonnes/Hectare
330034,2017-2018,Bihar,10,Purnia,214,Sugarcane,401.0,Sugar,Whole Year,37.0,Hectare,2186.0,Tonnes,59.081,Tonnes/Hectare
330035,2017-2018,Bihar,10,Purnia,214,Sunflower,1007.0,Oilseeds,Rabi,332.0,Hectare,486.0,Tonnes,1.464,Tonnes/Hectare
330036,2017-2018,Bihar,10,Purnia,214,Urad,203.0,Pulses,Kharif,7.0,Hectare,6.0,Tonnes,0.857,Tonnes/Hectare
330037,2017-2018,Bihar,10,Purnia,214,Wheat,106.0,Cereals,Rabi,19780.0,Hectare,48700.0,Tonnes,2.462,Tonnes/Hectare
332456,2017-2018,Haryana,6,Gurugram,62,Arhar/Tur,202.0,Pulses,Kharif,500.0,Hectare,590.0,Tonnes,1.18,Tonnes/Hectare
332457,2017-2018,Haryana,6,Gurugram,62,Bajra,103.0,Cereals,Kharif,31700.0,Hectare,60600.0,Tonnes,1.912,Tonnes/Hectare
332458,2017-2018,Haryana,6,Gurugram,62,Barley,107.0,Cereals,Rabi,800.0,Hectare,3700.0,Tonnes,4.625,Tonnes/Hectare
332459,2017-2018,Haryana,6,Gurugram,62,Coriander,509.0,Spices,Whole Year,5.0,Hectare,24.0,Tonnes,4.8,Tonnes/Hectare
332460,2017-2018,Haryana,6,Gurugram,62,Cotton(Lint),1101.0,Fiber Crops,Kharif,1800.0,Hectare,4300.0,Tonnes,2.389,Tonnes/Hectare
332461,2017-2018,Haryana,6,Gurugram,62,Garlic,508.0,Spices,Whole Year,20.0,Hectare,200.0,Tonnes,10.0,Tonnes/Hectare
332462,2017-2018,Haryana,6,Gurugram,62,Guar Seed,727.0,Vegetable,Kharif,600.0,Hectare,500.0,Tonnes,0.833,Tonnes/Hectare
332463,2017-2018,Haryana,6,Gurugram,62,Jowar,102.0,Cereals,Kharif,300.0,Hectare,200.0,Tonnes,0.667,Tonnes/Hectare
332464,2017-2018,Haryana,6,Gurugram,62,Onion,708.0,Vegetable,Whole Year,525.0,Hectare,12214.0,Tonnes,23.265,Tonnes/Hectare
332465,2017-2018,Haryana,6,Gurugram,62,Peas & Beans (Pulses),213.0,Pulses,Kharif,1400.0,Hectare,12000.0,Tonnes,8.571,Tonnes/Hectare
332466,2017-2018,Haryana,6,Gurugram,62,Potato,701.0,Vegetable,Whole Year,80.0,Hectare,2068.0,Tonnes,25.85,Tonnes/Hectare
332467,2017-2018,Haryana,6,Gurugram,62,Rapeseed &Mustard,1004.0,Oilseeds,Rabi,14600.0,Hectare,34000.0,Tonnes,2.329,Tonnes/Hectare
332468,2017-2018,Haryana,6,Gurugram,62,Rice,101.0,Cereals,Kharif,5200.0,Hectare,13400.0,Tonnes,2.577,Tonnes/Hectare
332469,2017-2018,Haryana,6,Gurugram,62,Sesamum,1003.0,Oilseeds,Kharif,500.0,Hectare,200.0,Tonnes,0.4,Tonnes/Hectare
332470,2017-2018,Haryana,6,Gurugram,62,Wheat,106.0,Cereals,Rabi,43000.0,Hectare,211000.0,Tonnes,4.907,Tonnes/Hectare
346560,2017-2018,Uttar Pradesh,9,Varanasi,187,Arhar/Tur,202.0,Pulses,Kharif,4737.0,Hectare,5862.0,Tonnes,1.237,Tonnes/Hectare
346561,2017-2018,Uttar Pradesh,9,Varanasi,187,Bajra,103.0,Cereals,Kharif,6195.0,Hectare,5888.0,Tonnes,0.95,Tonnes/Hectare
346562,2017-2018,Uttar Pradesh,9,Varanasi,187,Banana,606.0,Fruits,Summer,12.0,Hectare,530.0,Tonnes,44.167,Tonnes/Hectare
346563,2017-2018,Uttar Pradesh,9,Varanasi,187,Barley,107.0,Cereals,Rabi,331.0,Hectare,735.0,Tonnes,2.221,Tonnes/Hectare
346564,2017-2018,Uttar Pradesh,9,Varanasi,187,Coriander,509.0,Spices,Rabi,19.0,Hectare,10.0,Tonnes,0.526,Tonnes/Hectare
346565,2017-2018,Uttar Pradesh,9,Varanasi,187,Dry Chillies,502.0,Spices,Kharif,445.0,Hectare,410.0,Tonnes,0.921,Tonnes/Hectare
346566,2017-2018,Uttar Pradesh,9,Varanasi,187,Garlic,508.0,Spices,Rabi,5.0,Hectare,27.0,Tonnes,5.4,Tonnes/Hectare
346567,2017-2018,Uttar Pradesh,9,Varanasi,187,Gram,201.0,Pulses,Rabi,1926.0,Hectare,2876.0,Tonnes,1.493,Tonnes/Hectare
346568,2017-2018,Uttar Pradesh,9,Varanasi,187,Groundnut,1001.0,Oilseeds,Kharif,1.0,Hectare,1.0,Tonnes,1.0,Tonnes/Hectare
346569,2017-2018,Uttar Pradesh,9,Varanasi,187,Guar Seed,727.0,Vegetable,Kharif,56.0,Hectare,40.0,Tonnes,0.714,Tonnes/Hectare
346570,2017-2018,Uttar Pradesh,9,Varanasi,187,Jowar,102.0,Cereals,Kharif,2839.0,Hectare,2950.0,Tonnes,1.039,Tonnes/Hectare
346571,2017-2018,Uttar Pradesh,9,Varanasi,187,Linseed,1005.0,Oilseeds,Rabi,2.0,Hectare,2.0,Tonnes,1.0,Tonnes/Hectare
346572,2017-2018,Uttar Pradesh,9,Varanasi,187,Maize,104.0,Cereals,Kharif,2899.0,Hectare,5143.0,Tonnes,1.774,Tonnes/Hectare
346573,2017-2018,Uttar Pradesh,9,Varanasi,187,Maize,104.0,Cereals,Rabi,6.0,Hectare,18.0,Tonnes,3.0,Tonnes/Hectare
346574,2017-2018,Uttar Pradesh,9,Varanasi,187,Maize,104.0,Cereals,Summer,39.0,Hectare,85.0,Tonnes,2.179,Tonnes/Hectare
346575,2017-2018,Uttar Pradesh,9,Varanasi,187,Maize,104.0,Cereals,Total,2944.0,Hectare,5246.0,Tonnes,1.782,Tonnes/Hectare
346576,2017-2018,Uttar Pradesh,9,Varanasi,187,Masoor,205.0,Pulses,Rabi,197.0,Hectare,120.0,Tonnes,0.609,Tonnes/Hectare
346577,2017-2018,Uttar Pradesh,9,Varanasi,187,Moong(Green Gram),204.0,Pulses,Kharif,277.0,Hectare,109.0,Tonnes,0.394,Tonnes/Hectare
346578,2017-2018,Uttar Pradesh,9,Varanasi,187,Moong(Green Gram),204.0,Pulses,Summer,50.0,Hectare,36.0,Tonnes,0.72,Tonnes/Hectare
346579,2017-2018,Uttar Pradesh,9,Varanasi,187,Moong(Green Gram),204.0,Pulses,Total,327.0,Hectare,145.0,Tonnes,0.443,Tonnes/Hectare
346580,2017-2018,Uttar Pradesh,9,Varanasi,187,Onion,708.0,Vegetable,Rabi,121.0,Hectare,1522.0,Tonnes,12.579,Tonnes/Hectare
346581,2017-2018,Uttar Pradesh,9,Varanasi,187,Onion,708.0,Vegetable,Summer,139.0,Hectare,2049.0,Tonnes,14.741,Tonnes/Hectare
346582,2017-2018,Uttar Pradesh,9,Varanasi,187,Onion,708.0,Vegetable,Total,260.0,Hectare,3571.0,Tonnes,13.735,Tonnes/Hectare
346583,2017-2018,Uttar Pradesh,9,Varanasi,187,Peas & Beans (Pulses),213.0,Pulses,Rabi,2936.0,Hectare,3535.0,Tonnes,1.204,Tonnes/Hectare
346584,2017-2018,Uttar Pradesh,9,Varanasi,187,Potato,701.0,Vegetable,Rabi,3094.0,Hectare,63953.0,Tonnes,20.67,Tonnes/Hectare
346585,2017-2018,Uttar Pradesh,9,Varanasi,187,Rapeseed &Mustard,1004.0,Oilseeds,Rabi,665.0,Hectare,769.0,Tonnes,1.156,Tonnes/Hectare
346586,2017-2018,Uttar Pradesh,9,Varanasi,187,Rice,101.0,Cereals,Kharif,51719.0,Hectare,131832.0,Tonnes,2.549,Tonnes/Hectare
346587,2017-2018,Uttar Pradesh,9,Varanasi,187,Sannhamp,1104.0,Fiber Crops,Kharif,368.0,Hectare,71.0,Tonnes,0.193,Tonnes/Hectare
346588,2017-2018,Uttar Pradesh,9,Varanasi,187,Sesamum,1003.0,Oilseeds,Kharif,339.0,Hectare,100.0,Tonnes,0.295,Tonnes/Hectare
346589,2017-2018,Uttar Pradesh,9,Varanasi,187,Sugarcane,401.0,Sugar,Kharif,2532.0,Hectare,169310.0,Tonnes,66.868,Tonnes/Hectare
346590,2017-2018,Uttar Pradesh,9,Varanasi,187,Sweet Potato,703.0,Vegetable,Kharif,29.0,Hectare,324.0,Tonnes,11.172,Tonnes/Hectare
346591,2017-2018,Uttar Pradesh,9,Varanasi,187,Urad,203.0,Pulses,Kharif,1863.0,Hectare,1002.0,Tonnes,0.538,Tonnes/Hectare
346592,2017-2018,Uttar Pradesh,9,Varanasi,187,Urad,203.0,Pulses,Summer,100.0,Hectare,78.0,Tonnes,0.78,Tonnes/Hectare
346593,2017-2018,Uttar Pradesh,9,Varanasi,187,Urad,203.0,Pulses,Total,1963.0,Hectare,1080.0,Tonnes,0.55,Tonnes/Hectare
346594,2017-2018,Uttar Pradesh,9,Varanasi,187,Wheat,106.0,Cereals,Rabi,69363.0,Hectare,234528.0,Tonnes,3.381,Tonnes/Hectare
371418,2019-2020,Bihar,10,Purnia,214,Linseed,1005.0,Oilseeds,Rabi,13.0,Hectare,11.0,Tonnes,0.846,Tonnes/Hectare
350593,2018-2019,Bihar,10,Purnia,214,Groundnut,1001.0,Oilseeds,Kharif,5.0,Hectare,5.0,Tonnes,1.0,Tonnes/Hectare
350594,2018-2019,Bihar,10,Purnia,214,Horse-Gram,206.0,Pulses,Kharif,160.0,Hectare,151.0,Tonnes,0.944,Tonnes/Hectare
350595,2018-2019,Bihar,10,Purnia,214,Jute,1102.0,Fiber Crops,Kharif,11200.0,Hectare,198177.0,Tonnes,17.694,Tonnes/Hectare
350596,2018-2019,Bihar,10,Purnia,214,Linseed,1005.0,Oilseeds,Rabi,25.0,Hectare,21.0,Tonnes,0.84,Tonnes/Hectare
350597,2018-2019,Bihar,10,Purnia,214,Maize,104.0,Cereals,Autumn,1380.0,Hectare,4945.0,Tonnes,3.583,Tonnes/Hectare
350598,2018-2019,Bihar,10,Purnia,214,Maize,104.0,Cereals,Rabi,35786.0,Hectare,337605.0,Tonnes,9.434,Tonnes/Hectare
350599,2018-2019,Bihar,10,Purnia,214,Maize,104.0,Cereals,Summer,304.0,Hectare,1713.0,Tonnes,5.635,Tonnes/Hectare
350600,2018-2019,Bihar,10,Purnia,214,Maize,104.0,Cereals,Total,37470.0,Hectare,344263.0,Tonnes,9.188,Tonnes/Hectare
350601,2018-2019,Bihar,10,Purnia,214,Masoor,205.0,Pulses,Rabi,555.0,Hectare,415.0,Tonnes,0.748,Tonnes/Hectare
350602,2018-2019,Bihar,10,Purnia,214,Mesta,1103.0,Fiber Crops,Kharif,193.0,Hectare,439.0,Tonnes,2.275,Tonnes/Hectare
350603,2018-2019,Bihar,10,Purnia,214,Moong(Green Gram),204.0,Pulses,Summer,545.0,Hectare,561.0,Tonnes,1.029,Tonnes/Hectare
350604,2018-2019,Bihar,10,Purnia,214,Onion,708.0,Vegetable,Rabi,96.0,Hectare,1260.0,Tonnes,13.125,Tonnes/Hectare
350605,2018-2019,Bihar,10,Purnia,214,Other Kharif Pulses,288.0,Pulses,Kharif,89.0,Hectare,85.0,Tonnes,0.955,Tonnes/Hectare
350606,2018-2019,Bihar,10,Purnia,214,Potato,701.0,Vegetable,Rabi,30.0,Hectare,223.0,Tonnes,7.433,Tonnes/Hectare
350607,2018-2019,Bihar,10,Purnia,214,Potato,701.0,Vegetable,Total,8885.0,Hectare,241787.0,Tonnes,27.213,Tonnes/Hectare
350608,2018-2019,Bihar,10,Purnia,214,Potato,701.0,Vegetable,Winter,8855.0,Hectare,241564.0,Tonnes,27.28,Tonnes/Hectare
350609,2018-2019,Bihar,10,Purnia,214,Rapeseed &Mustard,1004.0,Oilseeds,Rabi,488.0,Hectare,505.0,Tonnes,1.035,Tonnes/Hectare
350610,2018-2019,Bihar,10,Purnia,214,Rice,101.0,Cereals,Autumn,2087.0,Hectare,2803.0,Tonnes,1.343,Tonnes/Hectare
350611,2018-2019,Bihar,10,Purnia,214,Rice,101.0,Cereals,Summer,417.0,Hectare,913.0,Tonnes,2.189,Tonnes/Hectare
350612,2018-2019,Bihar,10,Purnia,214,Rice,101.0,Cereals,Total,103501.0,Hectare,239534.0,Tonnes,2.314,Tonnes/Hectare
350613,2018-2019,Bihar,10,Purnia,214,Rice,101.0,Cereals,Winter,100997.0,Hectare,235818.0,Tonnes,2.335,Tonnes/Hectare
350614,2018-2019,Bihar,10,Purnia,214,Sesamum,1003.0,Oilseeds,Kharif,27.0,Hectare,24.0,Tonnes,0.889,Tonnes/Hectare
350615,2018-2019,Bihar,10,Purnia,214,Sugarcane,401.0,Sugar,Whole Year,11.0,Hectare,1039.0,Tonnes,94.455,Tonnes/Hectare
350616,2018-2019,Bihar,10,Purnia,214,Sunflower,1007.0,Oilseeds,Rabi,34.0,Hectare,51.0,Tonnes,1.5,Tonnes/Hectare
350617,2018-2019,Bihar,10,Purnia,214,Urad,203.0,Pulses,Kharif,41.0,Hectare,37.0,Tonnes,0.902,Tonnes/Hectare
350618,2018-2019,Bihar,10,Purnia,214,Wheat,106.0,Cereals,Rabi,18101.0,Hectare,58856.0,Tonnes,3.252,Tonnes/Hectare
353018,2018-2019,Haryana,6,Gurugram,62,Arhar/Tur,202.0,Pulses,Kharif,290.0,Hectare,334.0,Tonnes,1.152,Tonnes/Hectare
353019,2018-2019,Haryana,6,Gurugram,62,Bajra,103.0,Cereals,Kharif,32000.0,Hectare,75000.0,Tonnes,2.344,Tonnes/Hectare
353020,2018-2019,Haryana,6,Gurugram,62,Barley,107.0,Cereals,Rabi,700.0,Hectare,3400.0,Tonnes,4.857,Tonnes/Hectare
353021,2018-2019,Haryana,6,Gurugram,62,Castor Seed,1002.0,Oilseeds,Kharif,2.0,Hectare,1.0,Tonnes,0.5,Tonnes/Hectare
353022,2018-2019,Haryana,6,Gurugram,62,Coriander,509.0,Spices,Whole Year,10.0,Hectare,34.0,Tonnes,3.4,Tonnes/Hectare
353023,2018-2019,Haryana,6,Gurugram,62,Cotton(Lint),1101.0,Fiber Crops,Kharif,2500.0,Hectare,7500.0,Tonnes,3.0,Tonnes/Hectare
353024,2018-2019,Haryana,6,Gurugram,62,Garlic,508.0,Spices,Whole Year,30.0,Hectare,120.0,Tonnes,4.0,Tonnes/Hectare
353025,2018-2019,Haryana,6,Gurugram,62,Guar Seed,727.0,Vegetable,Kharif,548.0,Hectare,438.0,Tonnes,0.799,Tonnes/Hectare
353026,2018-2019,Haryana,6,Gurugram,62,Jowar,102.0,Cereals,Kharif,600.0,Hectare,300.0,Tonnes,0.5,Tonnes/Hectare
353027,2018-2019,Haryana,6,Gurugram,62,Moong(Green Gram),204.0,Pulses,Kharif,3.0,Hectare,2.0,Tonnes,0.667,Tonnes/Hectare
353028,2018-2019,Haryana,6,Gurugram,62,Onion,708.0,Vegetable,Whole Year,1440.0,Hectare,35534.0,Tonnes,24.676,Tonnes/Hectare
353029,2018-2019,Haryana,6,Gurugram,62,Peas & Beans (Pulses),213.0,Pulses,Kharif,380.0,Hectare,7500.0,Tonnes,19.737,Tonnes/Hectare
353030,2018-2019,Haryana,6,Gurugram,62,Peas & Beans (Pulses),213.0,Pulses,Rabi,55.0,Hectare,61.0,Tonnes,1.109,Tonnes/Hectare
353031,2018-2019,Haryana,6,Gurugram,62,Peas & Beans (Pulses),213.0,Pulses,Total,435.0,Hectare,7561.0,Tonnes,17.382,Tonnes/Hectare
353032,2018-2019,Haryana,6,Gurugram,62,Potato,701.0,Vegetable,Whole Year,70.0,Hectare,1809.0,Tonnes,25.843,Tonnes/Hectare
353033,2018-2019,Haryana,6,Gurugram,62,Rapeseed &Mustard,1004.0,Oilseeds,Rabi,14800.0,Hectare,33100.0,Tonnes,2.236,Tonnes/Hectare
353034,2018-2019,Haryana,6,Gurugram,62,Rice,101.0,Cereals,Kharif,5000.0,Hectare,14000.0,Tonnes,2.8,Tonnes/Hectare
353035,2018-2019,Haryana,6,Gurugram,62,Sesamum,1003.0,Oilseeds,Kharif,580.0,Hectare,290.0,Tonnes,0.5,Tonnes/Hectare
353036,2018-2019,Haryana,6,Gurugram,62,Sugarcane,401.0,Sugar,Whole Year,100.0,Hectare,7800.0,Tonnes,78.0,Tonnes/Hectare
353037,2018-2019,Haryana,6,Gurugram,62,Urad,203.0,Pulses,Kharif,3.0,Hectare,2.0,Tonnes,0.667,Tonnes/Hectare
353038,2018-2019,Haryana,6,Gurugram,62,Wheat,106.0,Cereals,Rabi,43000.0,Hectare,213000.0,Tonnes,4.953,Tonnes/Hectare
367319,2018-2019,Uttar Pradesh,9,Varanasi,187,Arhar/Tur,202.0,Pulses,Kharif,4031.0,Hectare,4758.0,Tonnes,1.18,Tonnes/Hectare
367320,2018-2019,Uttar Pradesh,9,Varanasi,187,Bajra,103.0,Cereals,Kharif,4916.0,Hectare,8718.0,Tonnes,1.773,Tonnes/Hectare
367321,2018-2019,Uttar Pradesh,9,Varanasi,187,Banana,606.0,Fruits,Summer,12.0,Hectare,538.0,Tonnes,44.833,Tonnes/Hectare
367322,2018-2019,Uttar Pradesh,9,Varanasi,187,Barley,107.0,Cereals,Rabi,131.0,Hectare,323.0,Tonnes,2.466,Tonnes/Hectare
367323,2018-2019,Uttar Pradesh,9,Varanasi,187,Coriander,509.0,Spices,Rabi,19.0,Hectare,15.0,Tonnes,0.789,Tonnes/Hectare
367324,2018-2019,Uttar Pradesh,9,Varanasi,187,Dry Chillies,502.0,Spices,Kharif,435.0,Hectare,402.0,Tonnes,0.924,Tonnes/Hectare
367325,2018-2019,Uttar Pradesh,9,Varanasi,187,Garlic,508.0,Spices,Rabi,4.0,Hectare,26.0,Tonnes,6.5,Tonnes/Hectare
367326,2018-2019,Uttar Pradesh,9,Varanasi,187,Gram,201.0,Pulses,Rabi,1477.0,Hectare,1670.0,Tonnes,1.131,Tonnes/Hectare
367327,2018-2019,Uttar Pradesh,9,Varanasi,187,Groundnut,1001.0,Oilseeds,Kharif,6.0,Hectare,6.0,Tonnes,1.0,Tonnes/Hectare
367328,2018-2019,Uttar Pradesh,9,Varanasi,187,Guar Seed,727.0,Vegetable,Kharif,56.0,Hectare,40.0,Tonnes,0.714,Tonnes/Hectare
367329,2018-2019,Uttar Pradesh,9,Varanasi,187,Jowar,102.0,Cereals,Kharif,2396.0,Hectare,4770.0,Tonnes,1.991,Tonnes/Hectare
367330,2018-2019,Uttar Pradesh,9,Varanasi,187,Linseed,1005.0,Oilseeds,Rabi,22.0,Hectare,9.0,Tonnes,0.409,Tonnes/Hectare
367331,2018-2019,Uttar Pradesh,9,Varanasi,187,Maize,104.0,Cereals,Kharif,2950.0,Hectare,4909.0,Tonnes,1.664,Tonnes/Hectare
367332,2018-2019,Uttar Pradesh,9,Varanasi,187,Maize,104.0,Cereals,Rabi,4.0,Hectare,11.0,Tonnes,2.75,Tonnes/Hectare
367333,2018-2019,Uttar Pradesh,9,Varanasi,187,Maize,104.0,Cereals,Summer,37.0,Hectare,76.0,Tonnes,2.054,Tonnes/Hectare
367334,2018-2019,Uttar Pradesh,9,Varanasi,187,Maize,104.0,Cereals,Total,2991.0,Hectare,4996.0,Tonnes,1.67,Tonnes/Hectare
367335,2018-2019,Uttar Pradesh,9,Varanasi,187,Masoor,205.0,Pulses,Rabi,1360.0,Hectare,1657.0,Tonnes,1.218,Tonnes/Hectare
367336,2018-2019,Uttar Pradesh,9,Varanasi,187,Moong(Green Gram),204.0,Pulses,Kharif,200.0,Hectare,137.0,Tonnes,0.685,Tonnes/Hectare
367337,2018-2019,Uttar Pradesh,9,Varanasi,187,Moong(Green Gram),204.0,Pulses,Summer,58.0,Hectare,49.0,Tonnes,0.845,Tonnes/Hectare
367338,2018-2019,Uttar Pradesh,9,Varanasi,187,Moong(Green Gram),204.0,Pulses,Total,258.0,Hectare,186.0,Tonnes,0.721,Tonnes/Hectare
367339,2018-2019,Uttar Pradesh,9,Varanasi,187,Onion,708.0,Vegetable,Rabi,81.0,Hectare,2310.0,Tonnes,28.519,Tonnes/Hectare
367340,2018-2019,Uttar Pradesh,9,Varanasi,187,Onion,708.0,Vegetable,Summer,131.0,Hectare,1648.0,Tonnes,12.58,Tonnes/Hectare
367341,2018-2019,Uttar Pradesh,9,Varanasi,187,Onion,708.0,Vegetable,Total,212.0,Hectare,3958.0,Tonnes,18.67,Tonnes/Hectare
367342,2018-2019,Uttar Pradesh,9,Varanasi,187,Peas & Beans (Pulses),213.0,Pulses,Rabi,2244.0,Hectare,3025.0,Tonnes,1.348,Tonnes/Hectare
367343,2018-2019,Uttar Pradesh,9,Varanasi,187,Potato,701.0,Vegetable,Rabi,3020.0,Hectare,61578.0,Tonnes,20.39,Tonnes/Hectare
367344,2018-2019,Uttar Pradesh,9,Varanasi,187,Rapeseed &Mustard,1004.0,Oilseeds,Rabi,1157.0,Hectare,573.0,Tonnes,0.495,Tonnes/Hectare
367345,2018-2019,Uttar Pradesh,9,Varanasi,187,Rice,101.0,Cereals,Kharif,48013.0,Hectare,121425.0,Tonnes,2.529,Tonnes/Hectare
367346,2018-2019,Uttar Pradesh,9,Varanasi,187,Sannhamp,1104.0,Fiber Crops,Kharif,442.0,Hectare,85.0,Tonnes,0.192,Tonnes/Hectare
367347,2018-2019,Uttar Pradesh,9,Varanasi,187,Sesamum,1003.0,Oilseeds,Kharif,361.0,Hectare,142.0,Tonnes,0.393,Tonnes/Hectare
367348,2018-2019,Uttar Pradesh,9,Varanasi,187,Sugarcane,401.0,Sugar,Kharif,4083.0,Hectare,273953.0,Tonnes,67.096,Tonnes/Hectare
367349,2018-2019,Uttar Pradesh,9,Varanasi,187,Sweet Potato,703.0,Vegetable,Kharif,26.0,Hectare,299.0,Tonnes,11.5,Tonnes/Hectare
367350,2018-2019,Uttar Pradesh,9,Varanasi,187,Urad,203.0,Pulses,Kharif,2257.0,Hectare,1952.0,Tonnes,0.865,Tonnes/Hectare
367351,2018-2019,Uttar Pradesh,9,Varanasi,187,Urad,203.0,Pulses,Summer,83.0,Hectare,71.0,Tonnes,0.855,Tonnes/Hectare
367352,2018-2019,Uttar Pradesh,9,Varanasi,187,Urad,203.0,Pulses,Total,2340.0,Hectare,2023.0,Tonnes,0.865,Tonnes/Hectare
367353,2018-2019,Uttar Pradesh,9,Varanasi,187,Wheat,106.0,Cereals,Rabi,68973.0,Hectare,241128.0,Tonnes,3.496,Tonnes/Hectare
371415,2019-2020,Bihar,10,Purnia,214,Groundnut,1001.0,Oilseeds,Kharif,1.0,Hectare,1.0,Tonnes,1.0,Tonnes/Hectare
371416,2019-2020,Bihar,10,Purnia,214,Horse-Gram,206.0,Pulses,Kharif,42.0,Hectare,39.0,Tonnes,0.929,Tonnes/Hectare
371417,2019-2020,Bihar,10,Purnia,214,Jute,1102.0,Fiber Crops,Kharif,1309.0,Hectare,27461.0,Tonnes,20.979,Tonnes/Hectare
371419,2019-2020,Bihar,10,Purnia,214,Maize,104.0,Cereals,Autumn,1069.0,Hectare,3730.0,Tonnes,3.489,Tonnes/Hectare
371420,2019-2020,Bihar,10,Purnia,214,Maize,104.0,Cereals,Rabi,45267.0,Hectare,399889.0,Tonnes,8.834,Tonnes/Hectare
371421,2019-2020,Bihar,10,Purnia,214,Maize,104.0,Cereals,Summer,323.0,Hectare,1729.0,Tonnes,5.353,Tonnes/Hectare
371422,2019-2020,Bihar,10,Purnia,214,Maize,104.0,Cereals,Total,46659.0,Hectare,405348.0,Tonnes,8.687,Tonnes/Hectare
371423,2019-2020,Bihar,10,Purnia,214,Masoor,205.0,Pulses,Rabi,576.0,Hectare,490.0,Tonnes,0.851,Tonnes/Hectare
371424,2019-2020,Bihar,10,Purnia,214,Mesta,1103.0,Fiber Crops,Kharif,2.0,Hectare,6.0,Tonnes,3.0,Tonnes/Hectare
371425,2019-2020,Bihar,10,Purnia,214,Moong(Green Gram),204.0,Pulses,Kharif,348.0,Hectare,329.0,Tonnes,0.945,Tonnes/Hectare
371426,2019-2020,Bihar,10,Purnia,214,Moong(Green Gram),204.0,Pulses,Summer,517.0,Hectare,427.0,Tonnes,0.826,Tonnes/Hectare
371427,2019-2020,Bihar,10,Purnia,214,Moong(Green Gram),204.0,Pulses,Total,865.0,Hectare,756.0,Tonnes,0.874,Tonnes/Hectare
371428,2019-2020,Bihar,10,Purnia,214,Onion,708.0,Vegetable,Rabi,53.0,Hectare,708.0,Tonnes,13.358,Tonnes/Hectare
371429,2019-2020,Bihar,10,Purnia,214,Peas & Beans (Pulses),213.0,Pulses,Rabi,9.0,Hectare,9.0,Tonnes,1.0,Tonnes/Hectare
371430,2019-2020,Bihar,10,Purnia,214,Potato,701.0,Vegetable,Rabi,258.0,Hectare,3546.0,Tonnes,13.744,Tonnes/Hectare
371431,2019-2020,Bihar,10,Purnia,214,Potato,701.0,Vegetable,Total,10572.0,Hectare,160525.0,Tonnes,15.184,Tonnes/Hectare
371432,2019-2020,Bihar,10,Purnia,214,Potato,701.0,Vegetable,Winter,10314.0,Hectare,156979.0,Tonnes,15.22,Tonnes/Hectare
371433,2019-2020,Bihar,10,Purnia,214,Rapeseed &Mustard,1004.0,Oilseeds,Rabi,383.0,Hectare,436.0,Tonnes,1.138,Tonnes/Hectare
371434,2019-2020,Bihar,10,Purnia,214,Rice,101.0,Cereals,Autumn,150.0,Hectare,433.0,Tonnes,2.887,Tonnes/Hectare
371435,2019-2020,Bihar,10,Purnia,214,Rice,101.0,Cereals,Summer,463.0,Hectare,1399.0,Tonnes,3.022,Tonnes/Hectare
371436,2019-2020,Bihar,10,Purnia,214,Rice,101.0,Cereals,Total,104459.0,Hectare,184691.0,Tonnes,1.768,Tonnes/Hectare
371437,2019-2020,Bihar,10,Purnia,214,Rice,101.0,Cereals,Winter,103846.0,Hectare,182859.0,Tonnes,1.761,Tonnes/Hectare
371438,2019-2020,Bihar,10,Purnia,214,Sesamum,1003.0,Oilseeds,Kharif,1.0,Hectare,1.0,Tonnes,1.0,Tonnes/Hectare
371439,2019-2020,Bihar,10,Purnia,214,Sugarcane,401.0,Sugar,Whole Year,2.0,Hectare,121.0,Tonnes,60.5,Tonnes/Hectare
371440,2019-2020,Bihar,10,Purnia,214,Sunflower,1007.0,Oilseeds,Rabi,15.0,Hectare,22.0,Tonnes,1.467,Tonnes/Hectare
371441,2019-2020,Bihar,10,Purnia,214,Urad,203.0,Pulses,Kharif,15.0,Hectare,14.0,Tonnes,0.933,Tonnes/Hectare
371442,2019-2020,Bihar,10,Purnia,214,Wheat,106.0,Cereals,Rabi,10421.0,Hectare,25735.0,Tonnes,2.47,Tonnes/Hectare
373902,2019-2020,Haryana,6,Gurugram,62,Arhar/Tur,202.0,Pulses,Kharif,136.0,Hectare,157.0,Tonnes,1.154,Tonnes/Hectare
373903,2019-2020,Haryana,6,Gurugram,62,Bajra,103.0,Cereals,Kharif,31300.0,Hectare,86800.0,Tonnes,2.773,Tonnes/Hectare
373904,2019-2020,Haryana,6,Gurugram,62,Barley,107.0,Cereals,Rabi,1000.0,Hectare,4760.0,Tonnes,4.76,Tonnes/Hectare
373905,2019-2020,Haryana,6,Gurugram,62,Coriander,509.0,Spices,Whole Year,10.0,Hectare,15.0,Tonnes,1.5,Tonnes/Hectare
373906,2019-2020,Haryana,6,Gurugram,62,Cotton(Lint),1101.0,Fiber Crops,Kharif,5800.0,Hectare,18400.0,Tonnes,3.172,Tonnes/Hectare
373907,2019-2020,Haryana,6,Gurugram,62,Garlic,508.0,Spices,Whole Year,5.0,Hectare,30.0,Tonnes,6.0,Tonnes/Hectare
373908,2019-2020,Haryana,6,Gurugram,62,Guar Seed,727.0,Vegetable,Kharif,221.0,Hectare,177.0,Tonnes,0.801,Tonnes/Hectare
373909,2019-2020,Haryana,6,Gurugram,62,Jowar,102.0,Cereals,Kharif,460.0,Hectare,240.0,Tonnes,0.522,Tonnes/Hectare
373910,2019-2020,Haryana,6,Gurugram,62,Maize,104.0,Cereals,Kharif,10.0,Hectare,30.0,Tonnes,3.0,Tonnes/Hectare
373911,2019-2020,Haryana,6,Gurugram,62,Moong(Green Gram),204.0,Pulses,Kharif,2.0,Hectare,1.0,Tonnes,0.5,Tonnes/Hectare
373912,2019-2020,Haryana,6,Gurugram,62,Onion,708.0,Vegetable,Whole Year,530.0,Hectare,4700.0,Tonnes,8.868,Tonnes/Hectare
373913,2019-2020,Haryana,6,Gurugram,62,Peas & Beans (Pulses),213.0,Pulses,Kharif,350.0,Hectare,3500.0,Tonnes,10.0,Tonnes/Hectare
373914,2019-2020,Haryana,6,Gurugram,62,Potato,701.0,Vegetable,Whole Year,110.0,Hectare,2737.0,Tonnes,24.882,Tonnes/Hectare
373915,2019-2020,Haryana,6,Gurugram,62,Rapeseed &Mustard,1004.0,Oilseeds,Rabi,18500.0,Hectare,43800.0,Tonnes,2.368,Tonnes/Hectare
373916,2019-2020,Haryana,6,Gurugram,62,Rice,101.0,Cereals,Kharif,5400.0,Hectare,15700.0,Tonnes,2.907,Tonnes/Hectare
373917,2019-2020,Haryana,6,Gurugram,62,Wheat,106.0,Cereals,Rabi,40600.0,Hectare,205600.0,Tonnes,5.064,Tonnes/Hectare
389517,2019-2020,Uttar Pradesh,9,Varanasi,187,Arhar/Tur,202.0,Pulses,Kharif,3943.0,Hectare,3261.0,Tonnes,0.827,Tonnes/Hectare
389518,2019-2020,Uttar Pradesh,9,Varanasi,187,Bajra,103.0,Cereals,Kharif,5544.0,Hectare,8111.0,Tonnes,1.463,Tonnes/Hectare
389519,2019-2020,Uttar Pradesh,9,Varanasi,187,Banana,606.0,Fruits,Summer,16.0,Hectare,558.0,Tonnes,34.875,Tonnes/Hectare
389520,2019-2020,Uttar Pradesh,9,Varanasi,187,Barley,107.0,Cereals,Rabi,407.0,Hectare,1007.0,Tonnes,2.474,Tonnes/Hectare
389521,2019-2020,Uttar Pradesh,9,Varanasi,187,Coriander,509.0,Spices,Rabi,17.0,Hectare,12.0,Tonnes,0.706,Tonnes/Hectare
389522,2019-2020,Uttar Pradesh,9,Varanasi,187,Dry Chillies,502.0,Spices,Kharif,451.0,Hectare,393.0,Tonnes,0.871,Tonnes/Hectare
389523,2019-2020,Uttar Pradesh,9,Varanasi,187,Garlic,508.0,Spices,Rabi,4.0,Hectare,24.0,Tonnes,6.0,Tonnes/Hectare
389524,2019-2020,Uttar Pradesh,9,Varanasi,187,Gram,201.0,Pulses,Rabi,2042.0,Hectare,4043.0,Tonnes,1.98,Tonnes/Hectare
389525,2019-2020,Uttar Pradesh,9,Varanasi,187,Groundnut,1001.0,Oilseeds,Kharif,9.0,Hectare,8.0,Tonnes,0.889,Tonnes/Hectare
389526,2019-2020,Uttar Pradesh,9,Varanasi,187,Guar Seed,727.0,Vegetable,Kharif,57.0,Hectare,41.0,Tonnes,0.719,Tonnes/Hectare
389527,2019-2020,Uttar Pradesh,9,Varanasi,187,Jowar,102.0,Cereals,Kharif,2443.0,Hectare,4888.0,Tonnes,2.001,Tonnes/Hectare
389528,2019-2020,Uttar Pradesh,9,Varanasi,187,Linseed,1005.0,Oilseeds,Rabi,23.0,Hectare,16.0,Tonnes,0.696,Tonnes/Hectare
389529,2019-2020,Uttar Pradesh,9,Varanasi,187,Maize,104.0,Cereals,Kharif,2861.0,Hectare,4815.0,Tonnes,1.683,Tonnes/Hectare
389530,2019-2020,Uttar Pradesh,9,Varanasi,187,Maize,104.0,Cereals,Rabi,435.0,Hectare,1231.0,Tonnes,2.83,Tonnes/Hectare
389531,2019-2020,Uttar Pradesh,9,Varanasi,187,Maize,104.0,Cereals,Total,3296.0,Hectare,6046.0,Tonnes,1.834,Tonnes/Hectare
389532,2019-2020,Uttar Pradesh,9,Varanasi,187,Masoor,205.0,Pulses,Rabi,175.0,Hectare,106.0,Tonnes,0.606,Tonnes/Hectare
389533,2019-2020,Uttar Pradesh,9,Varanasi,187,Moong(Green Gram),204.0,Pulses,Kharif,277.0,Hectare,79.0,Tonnes,0.285,Tonnes/Hectare
389534,2019-2020,Uttar Pradesh,9,Varanasi,187,Moong(Green Gram),204.0,Pulses,Summer,72.0,Hectare,95.0,Tonnes,1.319,Tonnes/Hectare
389535,2019-2020,Uttar Pradesh,9,Varanasi,187,Moong(Green Gram),204.0,Pulses,Total,349.0,Hectare,174.0,Tonnes,0.499,Tonnes/Hectare
389536,2019-2020,Uttar Pradesh,9,Varanasi,187,Onion,708.0,Vegetable,Rabi,84.0,Hectare,1761.0,Tonnes,20.964,Tonnes/Hectare
389537,2019-2020,Uttar Pradesh,9,Varanasi,187,Onion,708.0,Vegetable,Summer,129.0,Hectare,2422.0,Tonnes,18.775,Tonnes/Hectare
389538,2019-2020,Uttar Pradesh,9,Varanasi,187,Onion,708.0,Vegetable,Total,213.0,Hectare,4183.0,Tonnes,19.638,Tonnes/Hectare
389539,2019-2020,Uttar Pradesh,9,Varanasi,187,Peas & Beans (Pulses),213.0,Pulses,Rabi,2873.0,Hectare,4376.0,Tonnes,1.523,Tonnes/Hectare
389540,2019-2020,Uttar Pradesh,9,Varanasi,187,Potato,701.0,Vegetable,Rabi,3149.0,Hectare,63770.0,Tonnes,20.251,Tonnes/Hectare
389541,2019-2020,Uttar Pradesh,9,Varanasi,187,Rapeseed &Mustard,1004.0,Oilseeds,Rabi,728.0,Hectare,243.0,Tonnes,0.334,Tonnes/Hectare
389542,2019-2020,Uttar Pradesh,9,Varanasi,187,Rice,101.0,Cereals,Kharif,47540.0,Hectare,126266.0,Tonnes,2.656,Tonnes/Hectare
389543,2019-2020,Uttar Pradesh,9,Varanasi,187,Sannhamp,1104.0,Fiber Crops,Kharif,236.0,Hectare,67.0,Tonnes,0.284,Tonnes/Hectare
389544,2019-2020,Uttar Pradesh,9,Varanasi,187,Sesamum,1003.0,Oilseeds,Kharif,392.0,Hectare,62.0,Tonnes,0.158,Tonnes/Hectare
389545,2019-2020,Uttar Pradesh,9,Varanasi,187,Sugarcane,401.0,Sugar,Kharif,4041.0,Hectare,203359.0,Tonnes,50.324,Tonnes/Hectare
389546,2019-2020,Uttar Pradesh,9,Varanasi,187,Sweet Potato,703.0,Vegetable,Kharif,26.0,Hectare,305.0,Tonnes,11.731,Tonnes/Hectare
389547,2019-2020,Uttar Pradesh,9,Varanasi,187,Urad,203.0,Pulses,Kharif,2023.0,Hectare,963.0,Tonnes,0.476,Tonnes/Hectare
389548,2019-2020,Uttar Pradesh,9,Varanasi,187,Urad,203.0,Pulses,Summer,114.0,Hectare,104.0,Tonnes,0.912,Tonnes/Hectare
389549,2019-2020,Uttar Pradesh,9,Varanasi,187,Urad,203.0,Pulses,Total,2137.0,Hectare,1067.0,Tonnes,0.499,Tonnes/Hectare
389550,2019-2020,Uttar Pradesh,9,Varanasi,187,Wheat,106.0,Cereals,Rabi,68369.0,Hectare,225602.0,Tonnes,3.3,Tonnes/Hectare
393682,2020-2021,Bihar,10,Purnia,214,Dry Chillies,502.0,Spices,Rabi,81.0,Hectare,25.0,Tonnes,0.309,Tonnes/Hectare
393683,2020-2021,Bihar,10,Purnia,214,Groundnut,1001.0,Oilseeds,Kharif,2.0,Hectare,2.0,Tonnes,1.0,Tonnes/Hectare
393684,2020-2021,Bihar,10,Purnia,214,Horse-Gram,206.0,Pulses,Kharif,40.0,Hectare,37.0,Tonnes,0.925,Tonnes/Hectare
393685,2020-2021,Bihar,10,Purnia,214,Jute,1102.0,Fiber Crops,Kharif,1323.0,Hectare,28039.0,Tonnes,21.193,Tonnes/Hectare
393686,2020-2021,Bihar,10,Purnia,214,Linseed,1005.0,Oilseeds,Rabi,17.0,Hectare,14.0,Tonnes,0.824,Tonnes/Hectare
393687,2020-2021,Bihar,10,Purnia,214,Maize,104.0,Cereals,Autumn,1054.0,Hectare,2029.0,Tonnes,1.925,Tonnes/Hectare
393688,2020-2021,Bihar,10,Purnia,214,Maize,104.0,Cereals,Rabi,47464.0,Hectare,439944.0,Tonnes,9.269,Tonnes/Hectare
393689,2020-2021,Bihar,10,Purnia,214,Maize,104.0,Cereals,Summer,815.0,Hectare,5295.0,Tonnes,6.497,Tonnes/Hectare
393690,2020-2021,Bihar,10,Purnia,214,Maize,104.0,Cereals,Total,49333.0,Hectare,447268.0,Tonnes,9.066,Tonnes/Hectare
393691,2020-2021,Bihar,10,Purnia,214,Masoor,205.0,Pulses,Rabi,443.0,Hectare,191.0,Tonnes,0.431,Tonnes/Hectare
393692,2020-2021,Bihar,10,Purnia,214,Moong(Green Gram),204.0,Pulses,Kharif,346.0,Hectare,216.0,Tonnes,0.624,Tonnes/Hectare
393693,2020-2021,Bihar,10,Purnia,214,Moong(Green Gram),204.0,Pulses,Summer,443.0,Hectare,250.0,Tonnes,0.564,Tonnes/Hectare
393694,2020-2021,Bihar,10,Purnia,214,Moong(Green Gram),204.0,Pulses,Total,789.0,Hectare,466.0,Tonnes,0.591,Tonnes/Hectare
393695,2020-2021,Bihar,10,Purnia,214,Onion,708.0,Vegetable,Rabi,57.0,Hectare,852.0,Tonnes,14.947,Tonnes/Hectare
393696,2020-2021,Bihar,10,Purnia,214,Peas & Beans (Pulses),213.0,Pulses,Rabi,10.0,Hectare,10.0,Tonnes,1.0,Tonnes/Hectare
393697,2020-2021,Bihar,10,Purnia,214,Potato,701.0,Vegetable,Rabi,326.0,Hectare,4028.0,Tonnes,12.356,Tonnes/Hectare
393698,2020-2021,Bihar,10,Purnia,214,Potato,701.0,Vegetable,Total,7745.0,Hectare,111099.0,Tonnes,14.345,Tonnes/Hectare
393699,2020-2021,Bihar,10,Purnia,214,Potato,701.0,Vegetable,Winter,7419.0,Hectare,107071.0,Tonnes,14.432,Tonnes/Hectare
393700,2020-2021,Bihar,10,Purnia,214,Rapeseed &Mustard,1004.0,Oilseeds,Rabi,380.0,Hectare,308.0,Tonnes,0.811,Tonnes/Hectare
393701,2020-2021,Bihar,10,Purnia,214,Rice,101.0,Cereals,Autumn,147.0,Hectare,216.0,Tonnes,1.469,Tonnes/Hectare
393702,2020-2021,Bihar,10,Purnia,214,Rice,101.0,Cereals,Summer,642.0,Hectare,1638.0,Tonnes,2.551,Tonnes/Hectare
393703,2020-2021,Bihar,10,Purnia,214,Rice,101.0,Cereals,Total,49198.0,Hectare,79403.0,Tonnes,1.614,Tonnes/Hectare
393704,2020-2021,Bihar,10,Purnia,214,Rice,101.0,Cereals,Winter,48409.0,Hectare,77549.0,Tonnes,1.602,Tonnes/Hectare
393705,2020-2021,Bihar,10,Purnia,214,Sesamum,1003.0,Oilseeds,Kharif,3.0,Hectare,3.0,Tonnes,1.0,Tonnes/Hectare
393706,2020-2021,Bihar,10,Purnia,214,Sugarcane,401.0,Sugar,Whole Year,2.0,Hectare,110.0,Tonnes,55.0,Tonnes/Hectare
393707,2020-2021,Bihar,10,Purnia,214,Sunflower,1007.0,Oilseeds,Rabi,13.0,Hectare,19.0,Tonnes,1.462,Tonnes/Hectare
393708,2020-2021,Bihar,10,Purnia,214,Urad,203.0,Pulses,Kharif,22.0,Hectare,20.0,Tonnes,0.909,Tonnes/Hectare
393709,2020-2021,Bihar,10,Purnia,214,Wheat,106.0,Cereals,Rabi,11953.0,Hectare,38907.0,Tonnes,3.255,Tonnes/Hectare
396168,2020-2021,Haryana,6,Gurugram,62,Arhar/Tur,202.0,Pulses,Kharif,136.0,Hectare,157.0,Tonnes,1.154,Tonnes/Hectare
396169,2020-2021,Haryana,6,Gurugram,62,Bajra,103.0,Cereals,Kharif,37810.0,Hectare,99400.0,Tonnes,2.629,Tonnes/Hectare
396170,2020-2021,Haryana,6,Gurugram,62,Barley,107.0,Cereals,Rabi,210.0,Hectare,720.0,Tonnes,3.429,Tonnes/Hectare
396171,2020-2021,Haryana,6,Gurugram,62,Castor Seed,1002.0,Oilseeds,Kharif,556.0,Hectare,2780.0,Tonnes,5.0,Tonnes/Hectare
396172,2020-2021,Haryana,6,Gurugram,62,Cotton(Lint),1101.0,Fiber Crops,Kharif,4700.0,Hectare,14.9,Tonnes,0.003,Tonnes/Hectare
396173,2020-2021,Haryana,6,Gurugram,62,Gram,201.0,Pulses,Rabi,20.0,Hectare,20.0,Tonnes,1.0,Tonnes/Hectare
396174,2020-2021,Haryana,6,Gurugram,62,Guar Seed,727.0,Vegetable,Whole Year,221.0,Hectare,177.0,Tonnes,0.801,Tonnes/Hectare
396175,2020-2021,Haryana,6,Gurugram,62,Jowar,102.0,Cereals,Kharif,460.0,Hectare,240.0,Tonnes,0.522,Tonnes/Hectare
396176,2020-2021,Haryana,6,Gurugram,62,Maize,104.0,Cereals,Kharif,10.0,Hectare,30.0,Tonnes,3.0,Tonnes/Hectare
396177,2020-2021,Haryana,6,Gurugram,62,Moong(Green Gram),204.0,Pulses,Kharif,42.0,Hectare,21.0,Tonnes,0.5,Tonnes/Hectare
396178,2020-2021,Haryana,6,Gurugram,62,Peas & Beans (Pulses),213.0,Pulses,Rabi,77.0,Hectare,73.0,Tonnes,0.948,Tonnes/Hectare
396179,2020-2021,Haryana,6,Gurugram,62,Rapeseed &Mustard,1004.0,Oilseeds,Rabi,19100.0,Hectare,43400.0,Tonnes,2.272,Tonnes/Hectare
396180,2020-2021,Haryana,6,Gurugram,62,Rice,101.0,Cereals,Kharif,5400.0,Hectare,15500.0,Tonnes,2.87,Tonnes/Hectare
396181,2020-2021,Haryana,6,Gurugram,62,Wheat,106.0,Cereals,Rabi,41830.0,Hectare,198320.0,Tonnes,4.741,Tonnes/Hectare
411146,2020-2021,Uttar Pradesh,9,Varanasi,187,Arhar/Tur,202.0,Pulses,Kharif,3490.0,Hectare,7030.0,Tonnes,2.014,Tonnes/Hectare
411147,2020-2021,Uttar Pradesh,9,Varanasi,187,Bajra,103.0,Cereals,Kharif,4784.0,Hectare,5104.0,Tonnes,1.067,Tonnes/Hectare
411148,2020-2021,Uttar Pradesh,9,Varanasi,187,Barley,107.0,Cereals,Rabi,268.0,Hectare,596.0,Tonnes,2.224,Tonnes/Hectare
411149,2020-2021,Uttar Pradesh,9,Varanasi,187,Coriander,509.0,Spices,Rabi,18.0,Hectare,14.0,Tonnes,0.778,Tonnes/Hectare
411150,2020-2021,Uttar Pradesh,9,Varanasi,187,Dry Chillies,502.0,Spices,Kharif,483.0,Hectare,428.0,Tonnes,0.886,Tonnes/Hectare
411151,2020-2021,Uttar Pradesh,9,Varanasi,187,Garlic,508.0,Spices,Rabi,4.0,Hectare,24.0,Tonnes,6.0,Tonnes/Hectare
411152,2020-2021,Uttar Pradesh,9,Varanasi,187,Gram,201.0,Pulses,Rabi,487.0,Hectare,615.0,Tonnes,1.263,Tonnes/Hectare
411153,2020-2021,Uttar Pradesh,9,Varanasi,187,Groundnut,1001.0,Oilseeds,Kharif,1.0,Hectare,1.0,Tonnes,1.0,Tonnes/Hectare
411154,2020-2021,Uttar Pradesh,9,Varanasi,187,Guar Seed,727.0,Vegetable,Kharif,61.0,Hectare,44.0,Tonnes,0.721,Tonnes/Hectare
411155,2020-2021,Uttar Pradesh,9,Varanasi,187,Jowar,102.0,Cereals,Kharif,2338.0,Hectare,2906.0,Tonnes,1.243,Tonnes/Hectare
411156,2020-2021,Uttar Pradesh,9,Varanasi,187,Linseed,1005.0,Oilseeds,Rabi,2.0,Hectare,1.0,Tonnes,0.5,Tonnes/Hectare
411157,2020-2021,Uttar Pradesh,9,Varanasi,187,Maize,104.0,Cereals,Kharif,2995.0,Hectare,5077.0,Tonnes,1.695,Tonnes/Hectare
411158,2020-2021,Uttar Pradesh,9,Varanasi,187,Maize,104.0,Cereals,Rabi,51.0,Hectare,135.0,Tonnes,2.647,Tonnes/Hectare
411159,2020-2021,Uttar Pradesh,9,Varanasi,187,Maize,104.0,Cereals,Summer,39.0,Hectare,113.0,Tonnes,2.897,Tonnes/Hectare
411160,2020-2021,Uttar Pradesh,9,Varanasi,187,Maize,104.0,Cereals,Total,3085.0,Hectare,5325.0,Tonnes,1.726,Tonnes/Hectare
411161,2020-2021,Uttar Pradesh,9,Varanasi,187,Masoor,205.0,Pulses,Rabi,189.0,Hectare,234.0,Tonnes,1.238,Tonnes/Hectare
411162,2020-2021,Uttar Pradesh,9,Varanasi,187,Moong(Green Gram),204.0,Pulses,Kharif,261.0,Hectare,286.0,Tonnes,1.096,Tonnes/Hectare
411163,2020-2021,Uttar Pradesh,9,Varanasi,187,Moong(Green Gram),204.0,Pulses,Summer,61.0,Hectare,80.0,Tonnes,1.311,Tonnes/Hectare
411164,2020-2021,Uttar Pradesh,9,Varanasi,187,Moong(Green Gram),204.0,Pulses,Total,322.0,Hectare,366.0,Tonnes,1.137,Tonnes/Hectare
411165,2020-2021,Uttar Pradesh,9,Varanasi,187,Onion,708.0,Vegetable,Rabi,118.0,Hectare,2588.0,Tonnes,21.932,Tonnes/Hectare
411166,2020-2021,Uttar Pradesh,9,Varanasi,187,Onion,708.0,Vegetable,Summer,149.0,Hectare,3002.0,Tonnes,20.148,Tonnes/Hectare
411167,2020-2021,Uttar Pradesh,9,Varanasi,187,Onion,708.0,Vegetable,Total,267.0,Hectare,5590.0,Tonnes,20.936,Tonnes/Hectare
411168,2020-2021,Uttar Pradesh,9,Varanasi,187,Peas & Beans (Pulses),213.0,Pulses,Rabi,2784.0,Hectare,4343.0,Tonnes,1.56,Tonnes/Hectare
411169,2020-2021,Uttar Pradesh,9,Varanasi,187,Potato,701.0,Vegetable,Rabi,3163.0,Hectare,83598.0,Tonnes,26.43,Tonnes/Hectare
411170,2020-2021,Uttar Pradesh,9,Varanasi,187,Rapeseed &Mustard,1004.0,Oilseeds,Rabi,721.0,Hectare,656.0,Tonnes,0.91,Tonnes/Hectare
411171,2020-2021,Uttar Pradesh,9,Varanasi,187,Rice,101.0,Cereals,Kharif,50974.0,Hectare,134011.0,Tonnes,2.629,Tonnes/Hectare
411172,2020-2021,Uttar Pradesh,9,Varanasi,187,Sannhamp,1104.0,Fiber Crops,Kharif,361.0,Hectare,98.0,Tonnes,0.271,Tonnes/Hectare
411173,2020-2021,Uttar Pradesh,9,Varanasi,187,Sesamum,1003.0,Oilseeds,Kharif,351.0,Hectare,42.0,Tonnes,0.12,Tonnes/Hectare
411174,2020-2021,Uttar Pradesh,9,Varanasi,187,Sugarcane,401.0,Sugar,Kharif,2821.0,Hectare,169000.0,Tonnes,59.908,Tonnes/Hectare
411175,2020-2021,Uttar Pradesh,9,Varanasi,187,Sweet Potato,703.0,Vegetable,Kharif,26.0,Hectare,325.0,Tonnes,12.5,Tonnes/Hectare
411176,2020-2021,Uttar Pradesh,9,Varanasi,187,Urad,203.0,Pulses,Kharif,576.0,Hectare,774.0,Tonnes,1.344,Tonnes/Hectare
411177,2020-2021,Uttar Pradesh,9,Varanasi,187,Urad,203.0,Pulses,Summer,96.0,Hectare,124.0,Tonnes,1.292,Tonnes/Hectare
411178,2020-2021,Uttar Pradesh,9,Varanasi,187,Urad,203.0,Pulses,Total,672.0,Hectare,898.0,Tonnes,1.336,Tonnes/Hectare
411179,2020-2021,Uttar Pradesh,9,Varanasi,187,Wheat,106.0,Cereals,Rabi,69795.0,Hectare,256304.0,Tonnes,3.672,Tonnes/Hectare
415260,2021-2022,Bihar,10,Purnia,214,Dry Chillies,502.0,Spices,Rabi,79.0,Hectare,35.0,Tonnes,0.443,Tonnes/Hectare
415261,2021-2022,Bihar,10,Purnia,214,Groundnut,1001.0,Oilseeds,Kharif,6.0,Hectare,6.0,Tonnes,1.0,Tonnes/Hectare
415262,2021-2022,Bihar,10,Purnia,214,Horse-Gram,206.0,Pulses,Kharif,31.0,Hectare,29.0,Tonnes,0.935,Tonnes/Hectare
415263,2021-2022,Bihar,10,Purnia,214,Jute,1102.0,Fiber Crops,Kharif,1286.0,Hectare,20850.0,Tonnes,16.213,Tonnes/Hectare
415264,2021-2022,Bihar,10,Purnia,214,Linseed,1005.0,Oilseeds,Rabi,14.0,Hectare,12.0,Tonnes,0.857,Tonnes/Hectare
415265,2021-2022,Bihar,10,Purnia,214,Maize,104.0,Cereals,Autumn,506.0,Hectare,1051.0,Tonnes,2.077,Tonnes/Hectare
415266,2021-2022,Bihar,10,Purnia,214,Maize,104.0,Cereals,Rabi,48348.0,Hectare,397421.0,Tonnes,8.22,Tonnes/Hectare
415267,2021-2022,Bihar,10,Purnia,214,Maize,104.0,Cereals,Summer,797.0,Hectare,4252.0,Tonnes,5.335,Tonnes/Hectare
415268,2021-2022,Bihar,10,Purnia,214,Maize,104.0,Cereals,Total,49651.0,Hectare,402724.0,Tonnes,8.111,Tonnes/Hectare
415269,2021-2022,Bihar,10,Purnia,214,Masoor,205.0,Pulses,Rabi,387.0,Hectare,236.0,Tonnes,0.61,Tonnes/Hectare
415270,2021-2022,Bihar,10,Purnia,214,Moong(Green Gram),204.0,Pulses,Kharif,234.0,Hectare,106.0,Tonnes,0.453,Tonnes/Hectare
415271,2021-2022,Bihar,10,Purnia,214,Moong(Green Gram),204.0,Pulses,Summer,444.0,Hectare,217.0,Tonnes,0.489,Tonnes/Hectare
415272,2021-2022,Bihar,10,Purnia,214,Moong(Green Gram),204.0,Pulses,Total,678.0,Hectare,323.0,Tonnes,0.476,Tonnes/Hectare
415273,2021-2022,Bihar,10,Purnia,214,Onion,708.0,Vegetable,Rabi,58.0,Hectare,780.0,Tonnes,13.448,Tonnes/Hectare
415274,2021-2022,Bihar,10,Purnia,214,Peas & Beans (Pulses),213.0,Pulses,Rabi,9.0,Hectare,9.0,Tonnes,1.0,Tonnes/Hectare
415275,2021-2022,Bihar,10,Purnia,214,Potato,701.0,Vegetable,Rabi,338.0,Hectare,6335.0,Tonnes,18.743,Tonnes/Hectare
415276,2021-2022,Bihar,10,Purnia,214,Potato,701.0,Vegetable,Total,7548.0,Hectare,198604.0,Tonnes,26.312,Tonnes/Hectare
415277,2021-2022,Bihar,10,Purnia,214,Potato,701.0,Vegetable,Winter,7210.0,Hectare,192269.0,Tonnes,26.667,Tonnes/Hectare
415278,2021-2022,Bihar,10,Purnia,214,Rapeseed &Mustard,1004.0,Oilseeds,Rabi,413.0,Hectare,331.0,Tonnes,0.801,Tonnes/Hectare
415279,2021-2022,Bihar,10,Purnia,214,Rice,101.0,Cereals,Summer,628.0,Hectare,870.0,Tonnes,1.385,Tonnes/Hectare
415280,2021-2022,Bihar,10,Purnia,214,Rice,101.0,Cereals,Total,48524.0,Hectare,92019.0,Tonnes,1.896,Tonnes/Hectare
415281,2021-2022,Bihar,10,Purnia,214,Rice,101.0,Cereals,Winter,47896.0,Hectare,91149.0,Tonnes,1.903,Tonnes/Hectare
415282,2021-2022,Bihar,10,Purnia,214,Sesamum,1003.0,Oilseeds,Kharif,2.0,Hectare,2.0,Tonnes,1.0,Tonnes/Hectare
415283,2021-2022,Bihar,10,Purnia,214,Sugarcane,401.0,Sugar,Whole Year,10.0,Hectare,573.0,Tonnes,57.3,Tonnes/Hectare
415284,2021-2022,Bihar,10,Purnia,214,Sunflower,1007.0,Oilseeds,Rabi,10.0,Hectare,15.0,Tonnes,1.5,Tonnes/Hectare
415285,2021-2022,Bihar,10,Purnia,214,Urad,203.0,Pulses,Kharif,15.0,Hectare,14.0,Tonnes,0.933,Tonnes/Hectare
415286,2021-2022,Bihar,10,Purnia,214,Wheat,106.0,Cereals,Rabi,11994.0,Hectare,33621.0,Tonnes,2.803,Tonnes/Hectare
417741,2021-2022,Haryana,6,Gurugram,62,Bajra,103.0,Cereals,Kharif,36536.0,Hectare,99010.0,Tonnes,2.71,Tonnes/Hectare
417742,2021-2022,Haryana,6,Gurugram,62,Barley,107.0,Cereals,Rabi,78.0,Hectare,290.0,Tonnes,3.718,Tonnes/Hectare
417743,2021-2022,Haryana,6,Gurugram,62,Cotton(Lint),1101.0,Fiber Crops,Kharif,4845.0,Hectare,15400.0,Tonnes,3.179,Tonnes/Hectare
417744,2021-2022,Haryana,6,Gurugram,62,Gram,201.0,Pulses,Rabi,12.0,Hectare,13.0,Tonnes,1.083,Tonnes/Hectare
417745,2021-2022,Haryana,6,Gurugram,62,Guar Seed,727.0,Vegetable,Whole Year,107.0,Hectare,85.0,Tonnes,0.794,Tonnes/Hectare
417746,2021-2022,Haryana,6,Gurugram,62,Maize,104.0,Cereals,Kharif,17.0,Hectare,50.0,Tonnes,2.941,Tonnes/Hectare
417747,2021-2022,Haryana,6,Gurugram,62,Moong(Green Gram),204.0,Pulses,Kharif,94.0,Hectare,47.0,Tonnes,0.5,Tonnes/Hectare
417748,2021-2022,Haryana,6,Gurugram,62,Other Oilseeds,1088.0,Oilseeds,Rabi,11.0,Hectare,19.0,Tonnes,1.727,Tonnes/Hectare
417749,2021-2022,Haryana,6,Gurugram,62,Other Rabi Pulses,288.0,Pulses,Rabi,10.0,Hectare,0.0,Tonnes,0.0,Tonnes/Hectare
417750,2021-2022,Haryana,6,Gurugram,62,Peas & Beans (Pulses),213.0,Pulses,Rabi,42.0,Hectare,39.9,Tonnes,0.95,Tonnes/Hectare
417751,2021-2022,Haryana,6,Gurugram,62,Rapeseed &Mustard,1004.0,Oilseeds,Rabi,28619.0,Hectare,56894.57,Tonnes,1.988,Tonnes/Hectare
417752,2021-2022,Haryana,6,Gurugram,62,Rice,101.0,Cereals,Kharif,4845.0,Hectare,13460.0,Tonnes,2.778,Tonnes/Hectare
417753,2021-2022,Haryana,6,Gurugram,62,Sesamum,1003.0,Oilseeds,Kharif,1336.0,Hectare,668.0,Tonnes,0.5,Tonnes/Hectare
417754,2021-2022,Haryana,6,Gurugram,62,Sugarcane,401.0,Sugar,Whole Year,6.0,Hectare,0.0,Tonnes,0.0,Tonnes/Hectare
417755,2021-2022,Haryana,6,Gurugram,62,Wheat,106.0,Cereals,Rabi,36086.0,Hectare,168630.0,Tonnes,4.673,Tonnes/Hectare
432499,2021-2022,Uttar Pradesh,9,Varanasi,187,Arhar/Tur,202.0,Pulses,Kharif,4992.0,Hectare,7812.0,Tonnes,1.565,Tonnes/Hectare
432500,2021-2022,Uttar Pradesh,9,Varanasi,187,Bajra,103.0,Cereals,Kharif,5779.0,Hectare,8669.0,Tonnes,1.5,Tonnes/Hectare
432501,2021-2022,Uttar Pradesh,9,Varanasi,187,Barley,107.0,Cereals,Rabi,468.0,Hectare,1376.0,Tonnes,2.94,Tonnes/Hectare
432502,2021-2022,Uttar Pradesh,9,Varanasi,187,Coriander,509.0,Spices,Rabi,17.0,Hectare,13.0,Tonnes,0.765,Tonnes/Hectare
432503,2021-2022,Uttar Pradesh,9,Varanasi,187,Dry Chillies,502.0,Spices,Kharif,388.0,Hectare,343.0,Tonnes,0.884,Tonnes/Hectare
432504,2021-2022,Uttar Pradesh,9,Varanasi,187,Garlic,508.0,Spices,Rabi,4.0,Hectare,25.0,Tonnes,6.25,Tonnes/Hectare
432505,2021-2022,Uttar Pradesh,9,Varanasi,187,Gram,201.0,Pulses,Rabi,2412.0,Hectare,1611.0,Tonnes,0.668,Tonnes/Hectare
432506,2021-2022,Uttar Pradesh,9,Varanasi,187,Guar Seed,727.0,Vegetable,Kharif,57.0,Hectare,41.0,Tonnes,0.719,Tonnes/Hectare
432507,2021-2022,Uttar Pradesh,9,Varanasi,187,Jowar,102.0,Cereals,Kharif,2784.0,Hectare,6732.0,Tonnes,2.418,Tonnes/Hectare
432508,2021-2022,Uttar Pradesh,9,Varanasi,187,Linseed,1005.0,Oilseeds,Rabi,2.0,Hectare,1.0,Tonnes,0.5,Tonnes/Hectare
432509,2021-2022,Uttar Pradesh,9,Varanasi,187,Maize,104.0,Cereals,Kharif,3704.0,Hectare,5612.0,Tonnes,1.515,Tonnes/Hectare
432510,2021-2022,Uttar Pradesh,9,Varanasi,187,Maize,104.0,Cereals,Rabi,6.0,Hectare,17.0,Tonnes,2.833,Tonnes/Hectare
432511,2021-2022,Uttar Pradesh,9,Varanasi,187,Maize,104.0,Cereals,Summer,40.0,Hectare,109.0,Tonnes,2.725,Tonnes/Hectare
432512,2021-2022,Uttar Pradesh,9,Varanasi,187,Maize,104.0,Cereals,Total,3750.0,Hectare,5738.0,Tonnes,1.53,Tonnes/Hectare
432513,2021-2022,Uttar Pradesh,9,Varanasi,187,Masoor,205.0,Pulses,Rabi,210.0,Hectare,261.0,Tonnes,1.243,Tonnes/Hectare
432514,2021-2022,Uttar Pradesh,9,Varanasi,187,Moong(Green Gram),204.0,Pulses,Kharif,263.0,Hectare,94.0,Tonnes,0.357,Tonnes/Hectare
432515,2021-2022,Uttar Pradesh,9,Varanasi,187,Moong(Green Gram),204.0,Pulses,Summer,48.0,Hectare,44.0,Tonnes,0.917,Tonnes/Hectare
432516,2021-2022,Uttar Pradesh,9,Varanasi,187,Moong(Green Gram),204.0,Pulses,Total,311.0,Hectare,138.0,Tonnes,0.444,Tonnes/Hectare
432517,2021-2022,Uttar Pradesh,9,Varanasi,187,Onion,708.0,Vegetable,Rabi,100.0,Hectare,1949.0,Tonnes,19.49,Tonnes/Hectare
432518,2021-2022,Uttar Pradesh,9,Varanasi,187,Onion,708.0,Vegetable,Summer,173.0,Hectare,2859.0,Tonnes,16.526,Tonnes/Hectare
432519,2021-2022,Uttar Pradesh,9,Varanasi,187,Onion,708.0,Vegetable,Total,273.0,Hectare,4808.0,Tonnes,17.612,Tonnes/Hectare
432520,2021-2022,Uttar Pradesh,9,Varanasi,187,Peas & Beans (Pulses),213.0,Pulses,Rabi,3209.0,Hectare,5872.0,Tonnes,1.83,Tonnes/Hectare
432521,2021-2022,Uttar Pradesh,9,Varanasi,187,Potato,701.0,Vegetable,Rabi,3591.0,Hectare,104498.0,Tonnes,29.1,Tonnes/Hectare
432522,2021-2022,Uttar Pradesh,9,Varanasi,187,Rapeseed &Mustard,1004.0,Oilseeds,Rabi,891.0,Hectare,759.0,Tonnes,0.852,Tonnes/Hectare
432523,2021-2022,Uttar Pradesh,9,Varanasi,187,Rice,101.0,Cereals,Kharif,48057.0,Hectare,131724.0,Tonnes,2.741,Tonnes/Hectare
432524,2021-2022,Uttar Pradesh,9,Varanasi,187,Sannhamp,1104.0,Fiber Crops,Kharif,429.0,Hectare,251.0,Tonnes,0.585,Tonnes/Hectare
432525,2021-2022,Uttar Pradesh,9,Varanasi,187,Sesamum,1003.0,Oilseeds,Kharif,631.0,Hectare,143.0,Tonnes,0.227,Tonnes/Hectare
432526,2021-2022,Uttar Pradesh,9,Varanasi,187,Sugarcane,401.0,Sugar,Kharif,2542.0,Hectare,169000.0,Tonnes,66.483,Tonnes/Hectare
432527,2021-2022,Uttar Pradesh,9,Varanasi,187,Sweet Potato,703.0,Vegetable,Kharif,27.0,Hectare,312.0,Tonnes,11.556,Tonnes/Hectare
432528,2021-2022,Uttar Pradesh,9,Varanasi,187,Urad,203.0,Pulses,Kharif,2191.0,Hectare,2848.0,Tonnes,1.3,Tonnes/Hectare
432529,2021-2022,Uttar Pradesh,9,Varanasi,187,Urad,203.0,Pulses,Summer,98.0,Hectare,73.0,Tonnes,0.745,Tonnes/Hectare
432530,2021-2022,Uttar Pradesh,9,Varanasi,187,Urad,203.0,Pulses,Total,2289.0,Hectare,2921.0,Tonnes,1.276,Tonnes/Hectare
432531,2021-2022,Uttar Pradesh,9,Varanasi,187,Wheat,106.0,Cereals,Rabi,72087.0,Hectare,259153.0,Tonnes,3.595,Tonnes/Hectare
437172,2022-2023,Bihar,10,Purnia,214,Dry Chillies,502.0,Spices,Rabi,58.0,Hectare,44.0,Tonnes,0.759,Tonnes/Hectare
437173,2022-2023,Bihar,10,Purnia,214,Groundnut,1001.0,Oilseeds,Kharif,13.0,Hectare,13.0,Tonnes,1.0,Tonnes/Hectare
437174,2022-2023,Bihar,10,Purnia,214,Horse-Gram,206.0,Pulses,Kharif,40.0,Hectare,37.0,Tonnes,0.925,Tonnes/Hectare
437175,2022-2023,Bihar,10,Purnia,214,Jute,1102.0,Fiber Crops,Kharif,1158.0,Hectare,16255.56,Tonnes,14.038,Tonnes/Hectare
437176,2022-2023,Bihar,10,Purnia,214,Linseed,1005.0,Oilseeds,Rabi,13.0,Hectare,11.0,Tonnes,0.846,Tonnes/Hectare
437177,2022-2023,Bihar,10,Purnia,214,Maize,104.0,Cereals,Autumn,393.0,Hectare,1499.0,Tonnes,3.814,Tonnes/Hectare
437178,2022-2023,Bihar,10,Purnia,214,Maize,104.0,Cereals,Rabi,48598.0,Hectare,457404.0,Tonnes,9.412,Tonnes/Hectare
437179,2022-2023,Bihar,10,Purnia,214,Maize,104.0,Cereals,Summer,655.0,Hectare,3904.0,Tonnes,5.96,Tonnes/Hectare
437180,2022-2023,Bihar,10,Purnia,214,Maize,104.0,Cereals,Total,49646.0,Hectare,462807.0,Tonnes,9.322,Tonnes/Hectare
437181,2022-2023,Bihar,10,Purnia,214,Masoor,205.0,Pulses,Rabi,457.0,Hectare,580.0,Tonnes,1.269,Tonnes/Hectare
437182,2022-2023,Bihar,10,Purnia,214,Moong(Green Gram),204.0,Pulses,Kharif,259.0,Hectare,151.0,Tonnes,0.583,Tonnes/Hectare
437183,2022-2023,Bihar,10,Purnia,214,Moong(Green Gram),204.0,Pulses,Summer,470.0,Hectare,591.0,Tonnes,1.257,Tonnes/Hectare
437184,2022-2023,Bihar,10,Purnia,214,Moong(Green Gram),204.0,Pulses,Total,729.0,Hectare,742.0,Tonnes,1.018,Tonnes/Hectare
437185,2022-2023,Bihar,10,Purnia,214,Onion,708.0,Vegetable,Rabi,58.0,Hectare,344.0,Tonnes,5.931,Tonnes/Hectare
437186,2022-2023,Bihar,10,Purnia,214,Peas & Beans (Pulses),213.0,Pulses,Rabi,11.0,Hectare,11.0,Tonnes,1.0,Tonnes/Hectare
437187,2022-2023,Bihar,10,Purnia,214,Potato,701.0,Vegetable,Rabi,392.0,Hectare,8096.0,Tonnes,20.653,Tonnes/Hectare
437188,2022-2023,Bihar,10,Purnia,214,Potato,701.0,Vegetable,Total,7458.0,Hectare,179171.0,Tonnes,24.024,Tonnes/Hectare
437189,2022-2023,Bihar,10,Purnia,214,Potato,701.0,Vegetable,Winter,7066.0,Hectare,171075.0,Tonnes,24.211,Tonnes/Hectare
437190,2022-2023,Bihar,10,Purnia,214,Rapeseed &Mustard,1004.0,Oilseeds,Rabi,383.0,Hectare,478.0,Tonnes,1.248,Tonnes/Hectare
437191,2022-2023,Bihar,10,Purnia,214,Rice,101.0,Cereals,Summer,498.0,Hectare,1102.0,Tonnes,2.213,Tonnes/Hectare
437192,2022-2023,Bihar,10,Purnia,214,Rice,101.0,Cereals,Total,57565.0,Hectare,125312.0,Tonnes,2.177,Tonnes/Hectare
437193,2022-2023,Bihar,10,Purnia,214,Rice,101.0,Cereals,Winter,57067.0,Hectare,124210.0,Tonnes,2.177,Tonnes/Hectare
437194,2022-2023,Bihar,10,Purnia,214,Sesamum,1003.0,Oilseeds,Kharif,5.0,Hectare,4.0,Tonnes,0.8,Tonnes/Hectare
437195,2022-2023,Bihar,10,Purnia,214,Sugarcane,401.0,Sugar,Whole Year,11.0,Hectare,759.0,Tonnes,69.0,Tonnes/Hectare
437196,2022-2023,Bihar,10,Purnia,214,Sunflower,1007.0,Oilseeds,Rabi,23.0,Hectare,34.0,Tonnes,1.478,Tonnes/Hectare
437197,2022-2023,Bihar,10,Purnia,214,Urad,203.0,Pulses,Kharif,21.0,Hectare,19.0,Tonnes,0.905,Tonnes/Hectare
437198,2022-2023,Bihar,10,Purnia,214,Wheat,106.0,Cereals,Rabi,10421.0,Hectare,32080.0,Tonnes,3.078,Tonnes/Hectare
439707,2022-2023,Haryana,6,Gurugram,62,Bajra,103.0,Cereals,Kharif,38590.0,Hectare,103020.0,Tonnes,2.67,Tonnes/Hectare
439708,2022-2023,Haryana,6,Gurugram,62,Barley,107.0,Cereals,Rabi,340.0,Hectare,1580.0,Tonnes,4.647,Tonnes/Hectare
439709,2022-2023,Haryana,6,Gurugram,62,Cotton(Lint),1101.0,Fiber Crops,Kharif,1850.0,Hectare,4740.0,Tonnes,2.562,Tonnes/Hectare
439710,2022-2023,Haryana,6,Gurugram,62,Gram,201.0,Pulses,Rabi,10.0,Hectare,10.0,Tonnes,1.0,Tonnes/Hectare
439711,2022-2023,Haryana,6,Gurugram,62,Jowar,102.0,Cereals,Kharif,570.0,Hectare,300.0,Tonnes,0.526,Tonnes/Hectare
439712,2022-2023,Haryana,6,Gurugram,62,Maize,104.0,Cereals,Kharif,10.0,Hectare,30.0,Tonnes,3.0,Tonnes/Hectare
439713,2022-2023,Haryana,6,Gurugram,62,Moong(Green Gram),204.0,Pulses,Kharif,50.0,Hectare,20.0,Tonnes,0.4,Tonnes/Hectare
439714,2022-2023,Haryana,6,Gurugram,62,Rapeseed &Mustard,1004.0,Oilseeds,Rabi,24080.0,Hectare,46990.0,Tonnes,1.951,Tonnes/Hectare
439715,2022-2023,Haryana,6,Gurugram,62,Rice,101.0,Cereals,Kharif,4610.0,Hectare,13230.0,Tonnes,2.87,Tonnes/Hectare
439716,2022-2023,Haryana,6,Gurugram,62,Wheat,106.0,Cereals,Rabi,33640.0,Hectare,151340.0,Tonnes,4.499,Tonnes/Hectare
454399,2022-2023,Uttar Pradesh,9,Varanasi,187,Arhar/Tur,202.0,Pulses,Kharif,4799.0,Hectare,7160.0,Tonnes,1.492,Tonnes/Hectare
454400,2022-2023,Uttar Pradesh,9,Varanasi,187,Bajra,103.0,Cereals,Kharif,7561.0,Hectare,10086.0,Tonnes,1.334,Tonnes/Hectare
454401,2022-2023,Uttar Pradesh,9,Varanasi,187,Barley,107.0,Cereals,Rabi,468.0,Hectare,1436.0,Tonnes,3.068,Tonnes/Hectare
454402,2022-2023,Uttar Pradesh,9,Varanasi,187,Coriander,509.0,Spices,Rabi,18.0,Hectare,14.0,Tonnes,0.778,Tonnes/Hectare
454403,2022-2023,Uttar Pradesh,9,Varanasi,187,Dry Chillies,502.0,Spices,Kharif,368.0,Hectare,342.0,Tonnes,0.929,Tonnes/Hectare
454404,2022-2023,Uttar Pradesh,9,Varanasi,187,Garlic,508.0,Spices,Rabi,7.0,Hectare,43.0,Tonnes,6.143,Tonnes/Hectare
454405,2022-2023,Uttar Pradesh,9,Varanasi,187,Gram,201.0,Pulses,Rabi,2412.0,Hectare,3025.0,Tonnes,1.254,Tonnes/Hectare
454406,2022-2023,Uttar Pradesh,9,Varanasi,187,Guar Seed,727.0,Vegetable,Kharif,57.0,Hectare,41.0,Tonnes,0.719,Tonnes/Hectare
454407,2022-2023,Uttar Pradesh,9,Varanasi,187,Jowar,102.0,Cereals,Kharif,3510.0,Hectare,5188.0,Tonnes,1.478,Tonnes/Hectare
454408,2022-2023,Uttar Pradesh,9,Varanasi,187,Linseed,1005.0,Oilseeds,Rabi,5.0,Hectare,4.0,Tonnes,0.8,Tonnes/Hectare
454409,2022-2023,Uttar Pradesh,9,Varanasi,187,Maize,104.0,Cereals,Kharif,3704.0,Hectare,9823.0,Tonnes,2.652,Tonnes/Hectare
454410,2022-2023,Uttar Pradesh,9,Varanasi,187,Maize,104.0,Cereals,Rabi,27.0,Hectare,76.0,Tonnes,2.815,Tonnes/Hectare
454411,2022-2023,Uttar Pradesh,9,Varanasi,187,Maize,104.0,Cereals,Summer,5.0,Hectare,14.0,Tonnes,2.8,Tonnes/Hectare
454412,2022-2023,Uttar Pradesh,9,Varanasi,187,Maize,104.0,Cereals,Total,3736.0,Hectare,9913.0,Tonnes,2.653,Tonnes/Hectare
454413,2022-2023,Uttar Pradesh,9,Varanasi,187,Masoor,205.0,Pulses,Rabi,452.0,Hectare,702.0,Tonnes,1.553,Tonnes/Hectare
454414,2022-2023,Uttar Pradesh,9,Varanasi,187,Moong(Green Gram),204.0,Pulses,Kharif,332.0,Hectare,125.0,Tonnes,0.377,Tonnes/Hectare
454415,2022-2023,Uttar Pradesh,9,Varanasi,187,Moong(Green Gram),204.0,Pulses,Summer,61.0,Hectare,54.0,Tonnes,0.885,Tonnes/Hectare
454416,2022-2023,Uttar Pradesh,9,Varanasi,187,Moong(Green Gram),204.0,Pulses,Total,393.0,Hectare,179.0,Tonnes,0.455,Tonnes/Hectare
454417,2022-2023,Uttar Pradesh,9,Varanasi,187,Onion,708.0,Vegetable,Rabi,362.0,Hectare,5594.0,Tonnes,15.453,Tonnes/Hectare
454418,2022-2023,Uttar Pradesh,9,Varanasi,187,Onion,708.0,Vegetable,Summer,67.0,Hectare,1317.0,Tonnes,19.657,Tonnes/Hectare
454419,2022-2023,Uttar Pradesh,9,Varanasi,187,Onion,708.0,Vegetable,Total,429.0,Hectare,6911.0,Tonnes,16.11,Tonnes/Hectare
454420,2022-2023,Uttar Pradesh,9,Varanasi,187,Peas & Beans (Pulses),213.0,Pulses,Rabi,3516.0,Hectare,5003.0,Tonnes,1.423,Tonnes/Hectare
454421,2022-2023,Uttar Pradesh,9,Varanasi,187,Potato,701.0,Vegetable,Rabi,3594.0,Hectare,104576.0,Tonnes,29.097,Tonnes/Hectare
454422,2022-2023,Uttar Pradesh,9,Varanasi,187,Rapeseed &Mustard,1004.0,Oilseeds,Rabi,1233.0,Hectare,1846.0,Tonnes,1.497,Tonnes/Hectare
454423,2022-2023,Uttar Pradesh,9,Varanasi,187,Rice,101.0,Cereals,Kharif,48019.0,Hectare,135558.0,Tonnes,2.823,Tonnes/Hectare
454424,2022-2023,Uttar Pradesh,9,Varanasi,187,Sannhamp,1104.0,Fiber Crops,Kharif,377.0,Hectare,221.0,Tonnes,0.586,Tonnes/Hectare
454425,2022-2023,Uttar Pradesh,9,Varanasi,187,Sesamum,1003.0,Oilseeds,Kharif,330.0,Hectare,77.0,Tonnes,0.233,Tonnes/Hectare
454426,2022-2023,Uttar Pradesh,9,Varanasi,187,Sugarcane,401.0,Sugar,Kharif,2510.0,Hectare,165000.0,Tonnes,65.737,Tonnes/Hectare
454427,2022-2023,Uttar Pradesh,9,Varanasi,187,Sweet Potato,703.0,Vegetable,Kharif,27.0,Hectare,313.0,Tonnes,11.593,Tonnes/Hectare
454428,2022-2023,Uttar Pradesh,9,Varanasi,187,Tobacco,1302.0,Drugs And Narcotics,Summer,5.0,Hectare,11.0,Tonnes,2.2,Tonnes/Hectare
454429,2022-2023,Uttar Pradesh,9,Varanasi,187,Urad,203.0,Pulses,Kharif,2028.0,Hectare,1168.0,Tonnes,0.576,Tonnes/Hectare
454430,2022-2023,Uttar Pradesh,9,Varanasi,187,Urad,203.0,Pulses,Summer,39.0,Hectare,35.0,Tonnes,0.897,Tonnes/Hectare
454431,2022-2023,Uttar Pradesh,9,Varanasi,187,Urad,203.0,Pulses,Total,2067.0,Hectare,1203.0,Tonnes,0.582,Tonnes/Hectare
454432,2022-2023,Uttar Pradesh,9,Varanasi,187,Wheat,106.0,Cereals,Rabi,70793.0,Hectare,173726.0,Tonnes,2.454,Tonnes/Hectare
